dono,arquivo,alvo,onde,porta,pergunta,forma,o_que_quebra_se_mudar,como_o_doctor_ve,motivo,sprint_filha
bluez,assets/bluez-backport/patches/hefesto-0001-input-keep-bond-on-virtual-cable-unplug.patch,path:/var/lib/bluetooth,*,interna,capacidade,comando,"o BlueZ muda o formato da árvore de bonds (info, cache, settings): o guardar/devolver/esquecer move arquivo que já não casa e o pareamento some ou nasce torto",-,"medido no fonte do BlueZ 5.86 (07/10/2026): não há porta D-Bus para guardar nem devolver o bond, e a árvore é 700 de root, então a cópia roda com o bluetoothd parado. O RemoveDevice já tira o ServiceRecords do cache (device.c:5440), por isso o doctor deixou de mandar apagar cache e a ponte só apaga o cache da origem",O-BLUEZ-SO-PELA-PORTA-OFICIAL-01
bluez,assets/systemd/bluetooth-dropin-10-hefesto-resilience.conf,path:/var/lib/bluetooth,*,interna,capacidade,comando,"o BlueZ muda o formato da árvore de bonds (info, cache, settings): o guardar/devolver/esquecer move arquivo que já não casa e o pareamento some ou nasce torto",-,"medido no fonte do BlueZ 5.86 (07/10/2026): não há porta D-Bus para guardar nem devolver o bond, e a árvore é 700 de root, então a cópia roda com o bluetoothd parado. O RemoveDevice já tira o ServiceRecords do cache (device.c:5440), por isso o doctor deixou de mandar apagar cache e a ponte só apaga o cache da origem",O-BLUEZ-SO-PELA-PORTA-OFICIAL-01
bluez,assets/systemd/hefesto-bt-bonds-snapshot.service,path:/var/lib/bluetooth,*,interna,capacidade,comando,"o BlueZ muda o formato da árvore de bonds (info, cache, settings): o guardar/devolver/esquecer move arquivo que já não casa e o pareamento some ou nasce torto",-,"medido no fonte do BlueZ 5.86 (07/10/2026): não há porta D-Bus para guardar nem devolver o bond, e a árvore é 700 de root, então a cópia roda com o bluetoothd parado. O RemoveDevice já tira o ServiceRecords do cache (device.c:5440), por isso o doctor deixou de mandar apagar cache e a ponte só apaga o cache da origem",O-BLUEZ-SO-PELA-PORTA-OFICIAL-01
bluez,scripts/bt_active_mode.sh,path:/var/lib/bluetooth,*,interna,capacidade,comando,"o BlueZ muda o formato da árvore de bonds (info, cache, settings): o guardar/devolver/esquecer move arquivo que já não casa e o pareamento some ou nasce torto",-,"medido no fonte do BlueZ 5.86 (07/10/2026): não há porta D-Bus para guardar nem devolver o bond, e a árvore é 700 de root, então a cópia roda com o bluetoothd parado. O RemoveDevice já tira o ServiceRecords do cache (device.c:5440), por isso o doctor deixou de mandar apagar cache e a ponte só apaga o cache da origem",O-BLUEZ-SO-PELA-PORTA-OFICIAL-01
bluez,scripts/bt_bonds_autorestore.sh,path:/var/lib/bluetooth,*,interna,capacidade,comando,"o BlueZ muda o formato da árvore de bonds (info, cache, settings): o guardar/devolver/esquecer move arquivo que já não casa e o pareamento some ou nasce torto",-,"medido no fonte do BlueZ 5.86 (07/10/2026): não há porta D-Bus para guardar nem devolver o bond, e a árvore é 700 de root, então a cópia roda com o bluetoothd parado. O RemoveDevice já tira o ServiceRecords do cache (device.c:5440), por isso o doctor deixou de mandar apagar cache e a ponte só apaga o cache da origem",O-BLUEZ-SO-PELA-PORTA-OFICIAL-01
bluez,scripts/bt_bonds_restore.sh,path:/var/lib/bluetooth,*,interna,capacidade,comando,"o BlueZ muda o formato da árvore de bonds (info, cache, settings): o guardar/devolver/esquecer move arquivo que já não casa e o pareamento some ou nasce torto",-,"medido no fonte do BlueZ 5.86 (07/10/2026): não há porta D-Bus para guardar nem devolver o bond, e a árvore é 700 de root, então a cópia roda com o bluetoothd parado. O RemoveDevice já tira o ServiceRecords do cache (device.c:5440), por isso o doctor deixou de mandar apagar cache e a ponte só apaga o cache da origem",O-BLUEZ-SO-PELA-PORTA-OFICIAL-01
bluez,scripts/bt_bonds_snapshot.sh,path:/var/lib/bluetooth,*,interna,capacidade,comando,"o BlueZ muda o formato da árvore de bonds (info, cache, settings): o guardar/devolver/esquecer move arquivo que já não casa e o pareamento some ou nasce torto",-,"medido no fonte do BlueZ 5.86 (07/10/2026): não há porta D-Bus para guardar nem devolver o bond, e a árvore é 700 de root, então a cópia roda com o bluetoothd parado. O RemoveDevice já tira o ServiceRecords do cache (device.c:5440), por isso o doctor deixou de mandar apagar cache e a ponte só apaga o cache da origem",O-BLUEZ-SO-PELA-PORTA-OFICIAL-01
bluez,scripts/bt_health_watchdog.sh,path:/var/lib/bluetooth,*,interna,capacidade,comando,"o BlueZ muda o formato da árvore de bonds (info, cache, settings): o guardar/devolver/esquecer move arquivo que já não casa e o pareamento some ou nasce torto",-,"medido no fonte do BlueZ 5.86 (07/10/2026): não há porta D-Bus para guardar nem devolver o bond, e a árvore é 700 de root, então a cópia roda com o bluetoothd parado. O RemoveDevice já tira o ServiceRecords do cache (device.c:5440), por isso o doctor deixou de mandar apagar cache e a ponte só apaga o cache da origem",O-BLUEZ-SO-PELA-PORTA-OFICIAL-01
bluez,scripts/bt_ponte_privilegiada.sh,path:/var/lib/bluetooth,*,interna,capacidade,comando,"o BlueZ muda o formato da árvore de bonds (info, cache, settings): o guardar/devolver/esquecer move arquivo que já não casa e o pareamento some ou nasce torto",-,"medido no fonte do BlueZ 5.86 (07/10/2026): não há porta D-Bus para guardar nem devolver o bond, e a árvore é 700 de root, então a cópia roda com o bluetoothd parado. O RemoveDevice já tira o ServiceRecords do cache (device.c:5440), por isso o doctor deixou de mandar apagar cache e a ponte só apaga o cache da origem",O-BLUEZ-SO-PELA-PORTA-OFICIAL-01
bluez,scripts/doctor.sh,path:/var/lib/bluetooth,*,interna,capacidade,comando,"o BlueZ muda o formato da árvore de bonds (info, cache, settings): o guardar/devolver/esquecer move arquivo que já não casa e o pareamento some ou nasce torto",-,"medido no fonte do BlueZ 5.86 (07/10/2026): não há porta D-Bus para guardar nem devolver o bond, e a árvore é 700 de root, então a cópia roda com o bluetoothd parado. O RemoveDevice já tira o ServiceRecords do cache (device.c:5440), por isso o doctor deixou de mandar apagar cache e a ponte só apaga o cache da origem",O-BLUEZ-SO-PELA-PORTA-OFICIAL-01
bluez,src/hefesto_dualsense4unix/integrations/bluez_dbus.py,cmd:busctl,<módulo>,oficial,capacidade,converge,o org.bluez muda uma interface ou propriedade: a leitura devolve vazio e o Hefesto escolhe o outro caminho,contrato:bluez-dbus,,
bluez,src/hefesto_dualsense4unix/integrations/bluez_dbus.py,dbus:org.bluez,<módulo>,oficial,capacidade,converge,o org.bluez muda uma interface ou propriedade: a leitura devolve vazio e o Hefesto escolhe o outro caminho,contrato:bluez-dbus,,
bluez,src/hefesto_dualsense4unix/integrations/conexao_zumbi.py,cmd:hcitool,adaptadores_na_mesa links_de_pe,interna,capacidade,comando,o hcitool é ferramenta depreciada do BlueZ e sai do pacote: a lista de links e adaptadores fica vazia,-,"medido em 07/10/2026: o zumbi é um ACL SEM Device1, que o D-Bus não enumera por construção; o hcitool é o único leitor medido de links, e quando falta o recado já nomeia o pacote bluez-deprecated. O sucessor possível (btmgmt con, client/mgmt.c do 5.86) é do bluez também, e só se mede no aparelho: fica para a bancada dela",O-BLUEZ-SO-PELA-PORTA-OFICIAL-01
bluez,src/hefesto_dualsense4unix/utils/memoria_dos_controles.py,path:/var/lib/bluetooth,<módulo>,interna,capacidade,comando,"o BlueZ muda o formato da árvore de bonds (info, cache, settings): o guardar/devolver/esquecer move arquivo que já não casa e o pareamento some ou nasce torto",-,"medido no fonte do BlueZ 5.86 (07/10/2026): não há porta D-Bus para guardar nem devolver o bond, e a árvore é 700 de root, então a cópia roda com o bluetoothd parado. O RemoveDevice já tira o ServiceRecords do cache (device.c:5440), por isso o doctor deixou de mandar apagar cache e a ponte só apaga o cache da origem",O-BLUEZ-SO-PELA-PORTA-OFICIAL-01
cosmic,src/hefesto_dualsense4unix/app/actions/daemon_actions.py,cmd:wlrctl,<módulo>,oficial,capacidade,converge,a ferramenta de janela muda a saída: o perfil por janela ativa para de trocar,contrato:cosmic-config,,
cosmic,src/hefesto_dualsense4unix/app/ambiente.py,cfg:cosmic,<módulo> ambiente_normalizado,oficial,capacidade,converge,a sessão muda o nome em XDG_CURRENT_DESKTOP: o Hefesto escolhe o backend de janela errado,contrato:cosmic-config,,
cosmic,src/hefesto_dualsense4unix/app/theme.py,cfg:cosmic,sessao_e_cosmic,oficial,capacidade,converge,a sessão muda o nome em XDG_CURRENT_DESKTOP: o Hefesto escolhe o backend de janela errado,contrato:cosmic-config,,
cosmic,src/hefesto_dualsense4unix/app/theme.py,dbus:org.gnome,<módulo>,oficial,capacidade,converge,o serviço do desktop muda o nome ou o método: o aviso na bandeja ou a janela ativa não aparecem,contrato:cosmic-config,,
cosmic,src/hefesto_dualsense4unix/app/tray.py,cfg:cosmic,_desktop_is_cosmic,oficial,capacidade,converge,a sessão muda o nome em XDG_CURRENT_DESKTOP: o Hefesto escolhe o backend de janela errado,contrato:cosmic-config,,
cosmic,src/hefesto_dualsense4unix/integrations/contratos_de_fora.py,cfg:cosmic,_sonda_cosmic <módulo>,oficial,capacidade,converge,a sessão muda o nome em XDG_CURRENT_DESKTOP: o Hefesto escolhe o backend de janela errado,contrato:cosmic-config,,
cosmic,src/hefesto_dualsense4unix/integrations/desktop_notifications.py,dbus:org.freedesktop.Notifications,<módulo>,oficial,capacidade,converge,o serviço do desktop muda o nome ou o método: o aviso na bandeja ou a janela ativa não aparecem,contrato:cosmic-config,,
cosmic,src/hefesto_dualsense4unix/integrations/desktop_notifications.py,dbus:org.kde,statusnotifierwatcher_available,oficial,capacidade,converge,o serviço do desktop muda o nome ou o método: o aviso na bandeja ou a janela ativa não aparecem,contrato:cosmic-config,,
cosmic,src/hefesto_dualsense4unix/integrations/desktop_notifications.py,lib:jeepney,notify statusnotifierwatcher_available,oficial,capacidade,converge,o serviço do desktop muda o nome ou o método: o aviso na bandeja ou a janela ativa não aparecem,contrato:cosmic-config,,
cosmic,src/hefesto_dualsense4unix/integrations/steam_launcher.py,cmd:wmctrl,<módulo>,oficial,capacidade,converge,a ferramenta de janela muda a saída: o perfil por janela ativa para de trocar,contrato:cosmic-config,,
cosmic,src/hefesto_dualsense4unix/integrations/window_backends/cosmic_toplevel.py,cfg:cosmic,CosmicToplevelBackend,oficial,capacidade,converge,a sessão muda o nome em XDG_CURRENT_DESKTOP: o Hefesto escolhe o backend de janela errado,contrato:cosmic-config,,
cosmic,src/hefesto_dualsense4unix/integrations/window_backends/wayland_portal.py,dbus:org.freedesktop.portal,<módulo>,oficial,capacidade,converge,o serviço do desktop muda o nome ou o método: o aviso na bandeja ou a janela ativa não aparecem,contrato:cosmic-config,,
cosmic,src/hefesto_dualsense4unix/integrations/window_backends/wayland_portal.py,lib:jeepney,_try_jeepney,oficial,capacidade,converge,o serviço do desktop muda o nome ou o método: o aviso na bandeja ou a janela ativa não aparecem,contrato:cosmic-config,,
cosmic,src/hefesto_dualsense4unix/integrations/window_backends/wlr_toplevel.py,cmd:wlrctl,<módulo> WlrctlBackend,oficial,capacidade,converge,a ferramenta de janela muda a saída: o perfil por janela ativa para de trocar,contrato:cosmic-config,,
cosmic,src/hefesto_dualsense4unix/integrations/window_detect.py,cfg:cosmic,<módulo> _WaylandCascadeBackend.backend_name _WaylandCascadeBackend.get_active_window_info,oficial,capacidade,converge,a sessão muda o nome em XDG_CURRENT_DESKTOP: o Hefesto escolhe o backend de janela errado,contrato:cosmic-config,,
cosmic,src/hefesto_dualsense4unix/integrations/window_detect.py,cmd:wlrctl,<módulo> _WaylandCascadeBackend.backend_name _WaylandCascadeBackend.get_active_window_info,oficial,capacidade,converge,a ferramenta de janela muda a saída: o perfil por janela ativa para de trocar,contrato:cosmic-config,,
cosmic,src/hefesto_dualsense4unix/profiles/simple_match.py,dbus:org.gnome,<módulo>,oficial,capacidade,converge,o serviço do desktop muda o nome ou o método: o aviso na bandeja ou a janela ativa não aparecem,contrato:cosmic-config,,
cosmic,src/hefesto_dualsense4unix/profiles/simple_match.py,dbus:org.kde,<módulo>,oficial,capacidade,converge,o serviço do desktop muda o nome ou o método: o aviso na bandeja ou a janela ativa não aparecem,contrato:cosmic-config,,
empacotador,src/hefesto_dualsense4unix/app/arranque.py,path:/var/lib/snapd,de_outro_confinamento,oficial,capacidade,converge,o empacotador muda o diretório: o lançador empacotado não é achado,-,,
empacotador,src/hefesto_dualsense4unix/integrations/censo_dos_lancadores.py,cmd:flatpak,_e_dos_exports_do_flatpak,oficial,capacidade,converge,o flatpak muda um subcomando: a detecção dos lançadores empacotados falha,-,,
empacotador,src/hefesto_dualsense4unix/integrations/reposicao_dos_lancadores.py,cmd:flatpak,_pids_de_flatpak abrir,oficial,capacidade,converge,o flatpak muda um subcomando: a detecção dos lançadores empacotados falha,-,,
empacotador,src/hefesto_dualsense4unix/integrations/sandbox_dos_lancadores.py,path:/var/lib/flatpak,_raizes,oficial,capacidade,converge,o empacotador muda o diretório: o lançador empacotado não é achado,-,,
empacotador,src/hefesto_dualsense4unix/interface/desenho_dos_lancadores.py,cmd:flatpak,<módulo>,oficial,capacidade,converge,o flatpak muda um subcomando: a detecção dos lançadores empacotados falha,-,,
empacotador,src/hefesto_dualsense4unix/interface/pacotes/a07_lancadores.py,cmd:flatpak,<módulo>,oficial,capacidade,converge,o flatpak muda um subcomando: a detecção dos lançadores empacotados falha,-,,
ferramenta-de-dev,src/hefesto_dualsense4unix/interface/regua.py,cmd:google-chrome,medir,oficial,capacidade,converge,só a régua de desenho do mockup usa: nada chega ao usuário,-,,
ferramenta-de-dev,src/hefesto_dualsense4unix/profiles/simple_match.py,cmd:google-chrome,<módulo>,oficial,capacidade,converge,só a régua de desenho do mockup usa: nada chega ao usuário,-,,
hefesto,src/hefesto_dualsense4unix/app/actions/atos_da_bandeja.py,cmd:<dinâmico>,<módulo>,oficial,capacidade,converge,"o executável que o Hefesto lança (script próprio, ponte ou filho de som) muda de caminho: o gesto não roda",-,,
hefesto,src/hefesto_dualsense4unix/cli/cmd_basico.py,cmd:<dinâmico>,<módulo>,oficial,capacidade,converge,"o executável que o Hefesto lança (script próprio, ponte ou filho de som) muda de caminho: o gesto não roda",-,,
hefesto,src/hefesto_dualsense4unix/cli/cmd_doctor.py,cmd:<dinâmico>,<módulo>,oficial,capacidade,converge,"o executável que o Hefesto lança (script próprio, ponte ou filho de som) muda de caminho: o gesto não roda",-,,
hefesto,src/hefesto_dualsense4unix/cli/cmd_mic.py,cmd:<dinâmico>,<módulo>,oficial,capacidade,converge,"o executável que o Hefesto lança (script próprio, ponte ou filho de som) muda de caminho: o gesto não roda",-,,
hefesto,src/hefesto_dualsense4unix/cli/cmd_tray.py,cmd:<dinâmico>,<módulo>,oficial,capacidade,converge,"o executável que o Hefesto lança (script próprio, ponte ou filho de som) muda de caminho: o gesto não roda",-,,
hefesto,src/hefesto_dualsense4unix/daemon/subsystems/keyboard.py,cmd:<dinâmico>,<módulo>,oficial,capacidade,converge,"o executável que o Hefesto lança (script próprio, ponte ou filho de som) muda de caminho: o gesto não roda",-,,
hefesto,src/hefesto_dualsense4unix/integrations/central_do_radio.py,cmd:<dinâmico>,<módulo>,oficial,capacidade,converge,"o executável que o Hefesto lança (script próprio, ponte ou filho de som) muda de caminho: o gesto não roda",-,,
hefesto,src/hefesto_dualsense4unix/integrations/filho_de_som.py,cmd:<dinâmico>,<módulo>,oficial,capacidade,converge,"o executável que o Hefesto lança (script próprio, ponte ou filho de som) muda de caminho: o gesto não roda",-,,
hefesto,src/hefesto_dualsense4unix/integrations/gesto_de_pareamento.py,cmd:<dinâmico>,<módulo>,oficial,capacidade,converge,"o executável que o Hefesto lança (script próprio, ponte ou filho de som) muda de caminho: o gesto não roda",-,,
hefesto,src/hefesto_dualsense4unix/integrations/storm_doctor.py,cmd:<dinâmico>,<módulo>,oficial,capacidade,converge,"o executável que o Hefesto lança (script próprio, ponte ou filho de som) muda de caminho: o gesto não roda",-,,
hefesto,src/hefesto_dualsense4unix/integrations/tray.py,cmd:<dinâmico>,<módulo>,oficial,capacidade,converge,"o executável que o Hefesto lança (script próprio, ponte ou filho de som) muda de caminho: o gesto não roda",-,,
hefesto,src/hefesto_dualsense4unix/interface/importar.py,cmd:<dinâmico>,<módulo>,oficial,capacidade,converge,"o executável que o Hefesto lança (script próprio, ponte ou filho de som) muda de caminho: o gesto não roda",-,,
hefesto,src/hefesto_dualsense4unix/interface/regerar.py,cmd:<dinâmico>,<módulo>,oficial,capacidade,converge,"o executável que o Hefesto lança (script próprio, ponte ou filho de som) muda de caminho: o gesto não roda",-,,
hefesto,src/hefesto_dualsense4unix/utils/tela_de_mentira.py,cmd:<dinâmico>,<módulo>,oficial,capacidade,converge,"o executável que o Hefesto lança (script próprio, ponte ou filho de som) muda de caminho: o gesto não roda",-,,
kernel,src/hefesto_dualsense4unix/app/actions/emulation_actions.py,path:/proc/asound/cards,EmulationActionsMixin,oficial,capacidade,converge,o nó ou o atributo some ou muda de nome: o controle deixa de ser achado ou aberto,-,,
kernel,src/hefesto_dualsense4unix/app/actions/emulation_actions.py,path:/proc/cmdline,EmulationActionsMixin,oficial,capacidade,converge,o nó ou o atributo some ou muda de nome: o controle deixa de ser achado ou aberto,-,,
kernel,src/hefesto_dualsense4unix/app/actions/emulation_actions.py,path:/sys/module/usbcore,EmulationActionsMixin,oficial,capacidade,converge,o nó ou o atributo some ou muda de nome: o controle deixa de ser achado ou aberto,-,,
kernel,src/hefesto_dualsense4unix/app/actions/input_actions.py,lib:evdev,_e_nome_de_tecla,oficial,capacidade,converge,"a biblioteca muda a API: a abertura do nó (evdev, uinput, pydualsense) falha na importação",-,,
kernel,src/hefesto_dualsense4unix/broker/hidraw_broker.py,path:/dev,canonical_hidraw_base validate_physical_node validate_physical_input_node,oficial,capacidade,converge,o nó ou o atributo some ou muda de nome: o controle deixa de ser achado ou aberto,contrato:kernel-nos,,
kernel,src/hefesto_dualsense4unix/broker/hidraw_broker.py,path:/dev/input,<módulo>,oficial,capacidade,converge,o nó ou o atributo some ou muda de nome: o controle deixa de ser achado ou aberto,contrato:kernel-nos,,
kernel,src/hefesto_dualsense4unix/broker/hidraw_broker.py,path:/proc/self/fd,FsAclOps.hide FsAclOps.restore FsAclOps._ja_esta_no_alvo,oficial,capacidade,converge,o nó ou o atributo some ou muda de nome: o controle deixa de ser achado ou aberto,-,,
kernel,src/hefesto_dualsense4unix/broker/hidraw_broker.py,path:/sys/class/bluetooth,validate_physical_node validate_physical_input_node FsAclOps.__init__,oficial,capacidade,converge,o nó ou o atributo some ou muda de nome: o controle deixa de ser achado ou aberto,-,,
kernel,src/hefesto_dualsense4unix/broker/hidraw_broker.py,path:/sys/class/hidraw,validate_physical_node FsAclOps.__init__ BrokerState.__init__,oficial,capacidade,converge,o nó ou o atributo some ou muda de nome: o controle deixa de ser achado ou aberto,contrato:kernel-nos,,
kernel,src/hefesto_dualsense4unix/broker/hidraw_broker.py,path:/sys/class/input,validate_physical_input_node FsAclOps.__init__ BrokerState.__init__,oficial,capacidade,converge,o nó ou o atributo some ou muda de nome: o controle deixa de ser achado ou aberto,contrato:kernel-nos,,
kernel,src/hefesto_dualsense4unix/core/backend_pydualsense.py,lib:pydualsense,<módulo> _PinnedPyDualSense.prepareReport PyDualSenseController._write_partial_output,oficial,capacidade,converge,"a biblioteca muda a API: a abertura do nó (evdev, uinput, pydualsense) falha na importação",-,,
kernel,src/hefesto_dualsense4unix/core/backend_pydualsense.py,path:/dev/hidraw,PyDualSenseController.hidraw_path PyDualSenseController._open_one,oficial,capacidade,converge,o nó ou o atributo some ou muda de nome: o controle deixa de ser achado ou aberto,contrato:kernel-nos,,
kernel,src/hefesto_dualsense4unix/core/backend_pydualsense.py,path:/sys/class/hidraw,<módulo>,oficial,capacidade,converge,o nó ou o atributo some ou muda de nome: o controle deixa de ser achado ou aberto,contrato:kernel-nos,,
kernel,src/hefesto_dualsense4unix/core/escritor_cru.py,path:/dev/hidraw,holders_de_hidraw holders_de_hidraw_de_qualquer_um,oficial,capacidade,converge,o nó ou o atributo some ou muda de nome: o controle deixa de ser achado ou aberto,contrato:kernel-nos,,
kernel,src/hefesto_dualsense4unix/core/escritor_cru.py,path:/proc,processo_vivo _comm_de_pid holders_de_hidraw,oficial,capacidade,converge,o nó ou o atributo some ou muda de nome: o controle deixa de ser achado ou aberto,-,,
kernel,src/hefesto_dualsense4unix/core/evdev_reader.py,lib:evdev,_input_device_do_fd abrir_input_device discover_gamepads,oficial,capacidade,converge,"a biblioteca muda a API: a abertura do nó (evdev, uinput, pydualsense) falha na importação",-,,
kernel,src/hefesto_dualsense4unix/core/evdev_reader.py,path:/dev,_sysfs_driver_hidraw,oficial,capacidade,converge,o nó ou o atributo some ou muda de nome: o controle deixa de ser achado ou aberto,contrato:kernel-nos,,
kernel,src/hefesto_dualsense4unix/core/evdev_reader.py,path:/dev/input,<módulo> InputDirWatch.__init__,oficial,capacidade,converge,o nó ou o atributo some ou muda de nome: o controle deixa de ser achado ou aberto,contrato:kernel-nos,,
kernel,src/hefesto_dualsense4unix/core/evdev_reader.py,path:/sys/class/input,_is_virtual_evdev <módulo> _external_device_sysfs,oficial,capacidade,converge,o nó ou o atributo some ou muda de nome: o controle deixa de ser achado ou aberto,contrato:kernel-nos,,
kernel,src/hefesto_dualsense4unix/core/external_leds.py,path:/sys/class/hidraw,hid_instance_for_hidraw _hid_device_dir,oficial,capacidade,converge,o nó ou o atributo some ou muda de nome: o controle deixa de ser achado ou aberto,contrato:kernel-nos,,
kernel,src/hefesto_dualsense4unix/core/external_leds.py,path:/sys/class/leds,<módulo>,oficial,capacidade,converge,o nó ou o atributo some ou muda de nome: o controle deixa de ser achado ou aberto,-,,
kernel,src/hefesto_dualsense4unix/core/o_dono_do_evento.py,path:/dev,<módulo>,oficial,capacidade,converge,o nó ou o atributo some ou muda de nome: o controle deixa de ser achado ou aberto,contrato:kernel-nos,,
kernel,src/hefesto_dualsense4unix/core/o_dono_do_evento.py,path:/dev/input,<módulo>,oficial,capacidade,converge,o nó ou o atributo some ou muda de nome: o controle deixa de ser achado ou aberto,contrato:kernel-nos,,
kernel,src/hefesto_dualsense4unix/core/physical_report_reader.py,path:/sys/class/hidraw,<módulo> silence_budget_for,oficial,capacidade,converge,o nó ou o atributo some ou muda de nome: o controle deixa de ser achado ou aberto,contrato:kernel-nos,,
kernel,src/hefesto_dualsense4unix/core/sysfs_leds.py,path:/sys/class/leds,<módulo>,oficial,capacidade,converge,o nó ou o atributo some ou muda de nome: o controle deixa de ser achado ou aberto,-,,
kernel,src/hefesto_dualsense4unix/core/system_check.py,path:/proc/asound/cards,<módulo>,oficial,capacidade,converge,o nó ou o atributo some ou muda de nome: o controle deixa de ser achado ou aberto,-,,
kernel,src/hefesto_dualsense4unix/daemon/battery_journal.py,path:/sys/class/power_supply,<módulo>,oficial,capacidade,converge,o nó ou o atributo some ou muda de nome: o controle deixa de ser achado ou aberto,-,,
kernel,src/hefesto_dualsense4unix/daemon/ipc_handlers.py,path:/dev/input,IpcHandlersMixin._receptores_do_censo,oficial,capacidade,converge,o nó ou o atributo some ou muda de nome: o controle deixa de ser achado ou aberto,contrato:kernel-nos,,
kernel,src/hefesto_dualsense4unix/daemon/ipc_handlers.py,path:/sys/bus/hid,<módulo>,oficial,capacidade,converge,o nó ou o atributo some ou muda de nome: o controle deixa de ser achado ou aberto,contrato:kernel-driver-sony,,
kernel,src/hefesto_dualsense4unix/daemon/lifecycle.py,path:/dev/hidraw,Daemon._reconciliar_exposicao_do_modo_nativo,oficial,capacidade,converge,o nó ou o atributo some ou muda de nome: o controle deixa de ser achado ou aberto,contrato:kernel-nos,,
kernel,src/hefesto_dualsense4unix/daemon/subsystems/alto_falante.py,path:/dev,controles_na_lista,oficial,capacidade,converge,o nó ou o atributo some ou muda de nome: o controle deixa de ser achado ou aberto,contrato:kernel-nos,,
kernel,src/hefesto_dualsense4unix/daemon/subsystems/bt_mic.py,path:/sys/class/hidraw,o_driver_le_este_no,oficial,capacidade,converge,o nó ou o atributo some ou muda de nome: o controle deixa de ser achado ou aberto,contrato:kernel-nos,,
kernel,src/hefesto_dualsense4unix/daemon/subsystems/bt_mic.py,path:/sys/module/hid_playstation,<módulo>,oficial,capacidade,converge,o nó ou o atributo some ou muda de nome: o controle deixa de ser achado ou aberto,contrato:kernel-driver-sony,,
kernel,src/hefesto_dualsense4unix/daemon/subsystems/external_identity.py,path:/proc/sys/kernel,_read_boot_id,oficial,capacidade,converge,o nó ou o atributo some ou muda de nome: o controle deixa de ser achado ou aberto,-,,
kernel,src/hefesto_dualsense4unix/daemon/subsystems/governador_do_radio.py,path:/sys/class/hidraw,_adaptador_pelo_hid_phys,oficial,capacidade,converge,o nó ou o atributo some ou muda de nome: o controle deixa de ser achado ou aberto,contrato:kernel-nos,,
kernel,src/hefesto_dualsense4unix/daemon/subsystems/identity.py,path:/proc/sys/kernel,_read_boot_id,oficial,capacidade,converge,o nó ou o atributo some ou muda de nome: o controle deixa de ser achado ou aberto,-,,
kernel,src/hefesto_dualsense4unix/daemon/subsystems/keyboard.py,path:/proc,_comm_do_pid _pid_e_zumbi,oficial,capacidade,converge,o nó ou o atributo some ou muda de nome: o controle deixa de ser achado ou aberto,-,,
kernel,src/hefesto_dualsense4unix/integrations/apelido_do_dongle.py,path:/sys/class/hidraw,adaptadores_com_nintendo ler_os_dongles renomear_o_dongle,oficial,capacidade,converge,o nó ou o atributo some ou muda de nome: o controle deixa de ser achado ou aberto,contrato:kernel-nos,,
kernel,src/hefesto_dualsense4unix/integrations/audio_ks_dualsense.py,path:/proc,wineserver_do_prefixo_vivo aplicar,oficial,capacidade,converge,o procfs muda um campo de /proc/<pid>: o prefixo vivo do jogo não é achado,-,,
kernel,src/hefesto_dualsense4unix/integrations/audio_ks_dualsense.py,path:/sys,controles_no_cabo pai_usb_device controles_no_radio,oficial,capacidade,converge,o nó ou o atributo some ou muda de nome: o controle deixa de ser achado ou aberto,-,,
kernel,src/hefesto_dualsense4unix/integrations/censo_do_barramento.py,path:/sys/bus/usb,ler_o_barramento,oficial,capacidade,converge,o nó ou o atributo some ou muda de nome: o controle deixa de ser achado ou aberto,-,,
kernel,src/hefesto_dualsense4unix/integrations/censo_do_gabinete.py,path:/sys/bus/usb,<módulo>,oficial,capacidade,converge,o nó ou o atributo some ou muda de nome: o controle deixa de ser achado ou aberto,-,,
kernel,src/hefesto_dualsense4unix/integrations/censo_do_gabinete.py,path:/sys/class/dmi,<módulo>,oficial,capacidade,converge,o nó ou o atributo some ou muda de nome: o controle deixa de ser achado ou aberto,-,,
kernel,src/hefesto_dualsense4unix/integrations/censo_do_gabinete.py,path:/sys/firmware/dmi,<módulo>,oficial,capacidade,converge,o nó ou o atributo some ou muda de nome: o controle deixa de ser achado ou aberto,-,,
kernel,src/hefesto_dualsense4unix/integrations/conexao_zumbi.py,path:/sys/class/bluetooth,<módulo>,oficial,capacidade,converge,o nó ou o atributo some ou muda de nome: o controle deixa de ser achado ou aberto,-,,
kernel,src/hefesto_dualsense4unix/integrations/conexao_zumbi.py,path:/sys/class/hidraw,<módulo>,oficial,capacidade,converge,o nó ou o atributo some ou muda de nome: o controle deixa de ser achado ou aberto,contrato:kernel-nos,,
kernel,src/hefesto_dualsense4unix/integrations/contratos_de_fora.py,cmd:modinfo,_sonda_driver_sony <módulo>,oficial,capacidade,converge,o kmod muda o campo filename do modinfo: o doctor deixa de saber se o kernel tem o driver playstation,contrato:kernel-driver-sony,,
kernel,src/hefesto_dualsense4unix/integrations/contratos_de_fora.py,path:/dev/input,_sonda_nos_do_kernel,oficial,capacidade,converge,o nó ou o atributo some ou muda de nome: o controle deixa de ser achado ou aberto,contrato:kernel-nos,,
kernel,src/hefesto_dualsense4unix/integrations/contratos_de_fora.py,path:/dev/uhid,_sonda_nos_do_kernel,oficial,capacidade,converge,o nó ou o atributo some ou muda de nome: o controle deixa de ser achado ou aberto,contrato:kernel-nos,,
kernel,src/hefesto_dualsense4unix/integrations/contratos_de_fora.py,path:/dev/uinput,_sonda_nos_do_kernel,oficial,capacidade,converge,o nó ou o atributo some ou muda de nome: o controle deixa de ser achado ou aberto,contrato:kernel-nos,,
kernel,src/hefesto_dualsense4unix/integrations/contratos_de_fora.py,path:/sys/bus/hid,_sonda_driver_sony,oficial,capacidade,converge,o nó ou o atributo some ou muda de nome: o controle deixa de ser achado ou aberto,contrato:kernel-driver-sony,,
kernel,src/hefesto_dualsense4unix/integrations/contratos_de_fora.py,path:/sys/class/hidraw,_sonda_nos_do_kernel,oficial,capacidade,converge,o nó ou o atributo some ou muda de nome: o controle deixa de ser achado ou aberto,contrato:kernel-nos,,
kernel,src/hefesto_dualsense4unix/integrations/cor_do_plastico.py,path:/dev,alvo_do_controle,oficial,capacidade,converge,o nó ou o atributo some ou muda de nome: o controle deixa de ser achado ou aberto,contrato:kernel-nos,,
kernel,src/hefesto_dualsense4unix/integrations/cor_do_plastico.py,path:/sys/class/hidraw,alvo_do_controle ler_identidade_pelo_cabo ler_pelo_cabo,oficial,capacidade,converge,o nó ou o atributo some ou muda de nome: o controle deixa de ser achado ou aberto,contrato:kernel-nos,,
kernel,src/hefesto_dualsense4unix/integrations/dualsense_bt_audio.py,path:/dev,nos_dualsense_bluetooth,oficial,capacidade,converge,o nó ou o atributo some ou muda de nome: o controle deixa de ser achado ou aberto,contrato:kernel-nos,,
kernel,src/hefesto_dualsense4unix/integrations/dualsense_bt_audio.py,path:/proc,alguem_escreve_no_fifo,oficial,capacidade,converge,o procfs muda /proc/<pid>/fd: quem escreve no fifo do som não é achado,-,,
kernel,src/hefesto_dualsense4unix/integrations/dualsense_bt_audio.py,path:/sys/class/hidraw,<módulo>,oficial,capacidade,converge,o nó ou o atributo some ou muda de nome: o controle deixa de ser achado ou aberto,contrato:kernel-nos,,
kernel,src/hefesto_dualsense4unix/integrations/endpoint_de_haptica.py,path:/sys,<módulo>,oficial,capacidade,converge,o nó ou o atributo some ou muda de nome: o controle deixa de ser achado ou aberto,-,,
kernel,src/hefesto_dualsense4unix/integrations/entrada_a_entrada.py,path:/sys/class/bluetooth,<módulo>,oficial,capacidade,converge,o nó ou o atributo some ou muda de nome: o controle deixa de ser achado ou aberto,-,,
kernel,src/hefesto_dualsense4unix/integrations/entradas_do_gabinete.py,path:/sys/bus/usb,<módulo>,oficial,capacidade,converge,o nó ou o atributo some ou muda de nome: o controle deixa de ser achado ou aberto,-,,
kernel,src/hefesto_dualsense4unix/integrations/exame_da_mesa.py,path:/proc/modules,suporte_ao_controle,oficial,capacidade,converge,o nó ou o atributo some ou muda de nome: o controle deixa de ser achado ou aberto,-,,
kernel,src/hefesto_dualsense4unix/integrations/exame_da_mesa.py,path:/sys/bus/usb,energia_das_portas <módulo>,oficial,capacidade,converge,o nó ou o atributo some ou muda de nome: o controle deixa de ser achado ou aberto,-,,
kernel,src/hefesto_dualsense4unix/integrations/exame_da_mesa.py,path:/sys/module/btusb,energia_do_radio,oficial,capacidade,converge,o nó ou o atributo some ou muda de nome: o controle deixa de ser achado ou aberto,-,,
kernel,src/hefesto_dualsense4unix/integrations/exame_da_mesa.py,path:/sys/module/hid_playstation,suporte_ao_controle,oficial,capacidade,converge,o nó ou o atributo some ou muda de nome: o controle deixa de ser achado ou aberto,contrato:kernel-driver-sony,,
kernel,src/hefesto_dualsense4unix/integrations/faixa_do_wifi.py,path:/sys/class/net,ler_as_redes,oficial,capacidade,converge,o nó ou o atributo some ou muda de nome: o controle deixa de ser achado ou aberto,-,,
kernel,src/hefesto_dualsense4unix/integrations/fora_do_servico.py,path:/proc,oom_do_gerenciador contexto_atual <módulo>,oficial,capacidade,converge,o procfs muda /proc/<pid>: o contexto do processo não é lido,-,,
kernel,src/hefesto_dualsense4unix/integrations/hidraw_broker_client.py,path:/dev/input,nos_de_entrada_do_hidraw,oficial,capacidade,converge,o nó ou o atributo some ou muda de nome: o controle deixa de ser achado ou aberto,contrato:kernel-nos,,
kernel,src/hefesto_dualsense4unix/integrations/hidraw_broker_client.py,path:/sys/class/hidraw,nos_de_entrada_do_hidraw,oficial,capacidade,converge,o nó ou o atributo some ou muda de nome: o controle deixa de ser achado ou aberto,contrato:kernel-nos,,
kernel,src/hefesto_dualsense4unix/integrations/mesa_de_radio.py,path:/sys/bus/usb,ler_a_mesa radios_do_barramento controladores_dos_barramentos,oficial,capacidade,converge,o nó ou o atributo some ou muda de nome: o controle deixa de ser achado ou aberto,-,,
kernel,src/hefesto_dualsense4unix/integrations/mesa_de_radio.py,path:/sys/class/bluetooth,ler_a_mesa adaptadores_bluetooth,oficial,capacidade,converge,o nó ou o atributo some ou muda de nome: o controle deixa de ser achado ou aberto,-,,
kernel,src/hefesto_dualsense4unix/integrations/no_do_vpad.py,path:/dev,<módulo>,oficial,capacidade,converge,o nó ou o atributo some ou muda de nome: o controle deixa de ser achado ou aberto,contrato:kernel-nos,,
kernel,src/hefesto_dualsense4unix/integrations/no_do_vpad.py,path:/dev/input,<módulo>,oficial,capacidade,converge,o nó ou o atributo some ou muda de nome: o controle deixa de ser achado ou aberto,contrato:kernel-nos,,
kernel,src/hefesto_dualsense4unix/integrations/no_do_vpad.py,path:/sys/class/input,<módulo>,oficial,capacidade,converge,o nó ou o atributo some ou muda de nome: o controle deixa de ser achado ou aberto,contrato:kernel-nos,,
kernel,src/hefesto_dualsense4unix/integrations/o_cabo_em_espera.py,cmd:journalctl,ler_o_diario_do_kernel,interna,capacidade,converge,"o kernel muda a frase de uma mensagem do diário: o nascimento do hidraw, a espera do cabo ou a queda do Wi-Fi deixam de ser vistos, sem erro",-,"lê o texto do diário do kernel, que o kernel não promete; a porta é o evento do udev (netlink) ou o nó em /sys",O-SISTEMA-NAO-LE-O-TEXTO-DO-DIARIO-01
kernel,src/hefesto_dualsense4unix/integrations/o_cabo_em_espera.py,path:/sys/bus/hid,<módulo>,oficial,capacidade,converge,o nó ou o atributo some ou muda de nome: o controle deixa de ser achado ou aberto,contrato:kernel-driver-sony,,
kernel,src/hefesto_dualsense4unix/integrations/plano_de_radio.py,path:/sys/class/hidraw,plano_por_adaptador,oficial,capacidade,converge,o nó ou o atributo some ou muda de nome: o controle deixa de ser achado ou aberto,contrato:kernel-nos,,
kernel,src/hefesto_dualsense4unix/integrations/proton_pin.py,path:/proc,_em_uso,oficial,capacidade,converge,o nó ou o atributo some ou muda de nome: o controle deixa de ser achado ou aberto,-,,
kernel,src/hefesto_dualsense4unix/integrations/queda_do_wifi.py,cmd:journalctl,<módulo>,interna,capacidade,converge,"o kernel muda a frase de uma mensagem do diário: o nascimento do hidraw, a espera do cabo ou a queda do Wi-Fi deixam de ser vistos, sem erro",-,"lê o texto do diário do kernel, que o kernel não promete; a porta é o evento do udev (netlink) ou o nó em /sys",O-SISTEMA-NAO-LE-O-TEXTO-DO-DIARIO-01
kernel,src/hefesto_dualsense4unix/integrations/quem_o_jogo_le.py,path:/proc,pids_de_jogo nos_abertos_por quem_o_jogo_le,oficial,capacidade,converge,o procfs muda /proc/<pid>/fd: os nós que o jogo abriu não são achados,-,,
kernel,src/hefesto_dualsense4unix/integrations/quem_o_jogo_le.py,path:/sys/class/hidraw,<módulo>,oficial,capacidade,converge,o nó ou o atributo some ou muda de nome: o controle deixa de ser achado ou aberto,contrato:kernel-nos,,
kernel,src/hefesto_dualsense4unix/integrations/quem_o_jogo_le.py,path:/sys/class/input,uniq_por_evdev quem_o_jogo_le,oficial,capacidade,converge,o nó ou o atributo some ou muda de nome: o controle deixa de ser achado ou aberto,contrato:kernel-nos,,
kernel,src/hefesto_dualsense4unix/integrations/quem_ouve_o_microfone.py,path:/proc,descende_do_hefesto e_stream_do_hefesto ouvintes_por_fonte,oficial,capacidade,converge,o procfs muda /proc/<pid>: quem ouve o microfone não é achado,-,,
kernel,src/hefesto_dualsense4unix/integrations/radio_da_mesa.py,path:/sys/class/hidraw,<módulo> orcamento_por_adaptador,oficial,capacidade,converge,o nó ou o atributo some ou muda de nome: o controle deixa de ser achado ou aberto,contrato:kernel-nos,,
kernel,src/hefesto_dualsense4unix/integrations/sinal_da_barra.py,cmd:journalctl,nascimentos_pelo_diario,interna,capacidade,converge,"o kernel muda a frase de uma mensagem do diário: o nascimento do hidraw, a espera do cabo ou a queda do Wi-Fi deixam de ser vistos, sem erro",-,"lê o texto do diário do kernel, que o kernel não promete; a porta é o evento do udev (netlink) ou o nó em /sys",O-SISTEMA-NAO-LE-O-TEXTO-DO-DIARIO-01
kernel,src/hefesto_dualsense4unix/integrations/sinal_da_barra.py,path:/dev,_primeiro_hidraw nascimentos_pelo_diario,oficial,capacidade,converge,o nó ou o atributo some ou muda de nome: o controle deixa de ser achado ou aberto,contrato:kernel-nos,,
kernel,src/hefesto_dualsense4unix/integrations/sinal_da_barra.py,path:/sys/devices/virtual,<módulo>,oficial,capacidade,converge,o nó ou o atributo some ou muda de nome: o controle deixa de ser achado ou aberto,-,,
kernel,src/hefesto_dualsense4unix/integrations/steam_launch_options.py,path:/proc,cmdline_de_pid,oficial,capacidade,converge,o nó ou o atributo some ou muda de nome: o controle deixa de ser achado ou aberto,-,,
kernel,src/hefesto_dualsense4unix/integrations/storm_doctor.py,path:/proc/asound/cards,check_snd_audio_healthy,oficial,capacidade,converge,o nó ou o atributo some ou muda de nome: o controle deixa de ser achado ou aberto,-,,
kernel,src/hefesto_dualsense4unix/integrations/storm_doctor.py,path:/sys/module/snd_usb_audio,check_snd_quirk,oficial,capacidade,converge,o nó ou o atributo some ou muda de nome: o controle deixa de ser achado ou aberto,-,,
kernel,src/hefesto_dualsense4unix/integrations/storm_doctor.py,path:/sys/module/usbcore,check_quirk,oficial,capacidade,converge,o nó ou o atributo some ou muda de nome: o controle deixa de ser achado ou aberto,-,,
kernel,src/hefesto_dualsense4unix/integrations/uhid_gamepad.py,path:/dev/uhid,<módulo>,oficial,capacidade,converge,o nó ou o atributo some ou muda de nome: o controle deixa de ser achado ou aberto,contrato:kernel-nos,,
kernel,src/hefesto_dualsense4unix/integrations/uhid_gamepad.py,path:/sys/class/hidraw,_is_dualsense capture_dualsense_blueprint,oficial,capacidade,converge,o nó ou o atributo some ou muda de nome: o controle deixa de ser achado ou aberto,contrato:kernel-nos,,
kernel,src/hefesto_dualsense4unix/integrations/uinput_gamepad.py,lib:evdev,_capacidades_padrao _capacidades_procon UinputGamepad.start,oficial,capacidade,converge,"a biblioteca muda a API: a abertura do nó (evdev, uinput, pydualsense) falha na importação",-,,
kernel,src/hefesto_dualsense4unix/integrations/uinput_keyboard.py,lib:uinput,_build_capabilities UinputKeyboardDevice.start,oficial,capacidade,converge,"a biblioteca muda a API: a abertura do nó (evdev, uinput, pydualsense) falha na importação",-,,
kernel,src/hefesto_dualsense4unix/integrations/uinput_mouse.py,lib:uinput,_build_capabilities UinputMouseDevice.start CursorDoToque.start,oficial,capacidade,converge,"a biblioteca muda a API: a abertura do nó (evdev, uinput, pydualsense) falha na importação",-,,
kernel,src/hefesto_dualsense4unix/integrations/usb_pai.py,path:/sys,<módulo>,oficial,capacidade,converge,o nó ou o atributo some ou muda de nome: o controle deixa de ser achado ou aberto,-,,
kernel,src/hefesto_dualsense4unix/integrations/usb_pai.py,path:/sys/class/hidraw,<módulo>,oficial,capacidade,converge,o nó ou o atributo some ou muda de nome: o controle deixa de ser achado ou aberto,contrato:kernel-nos,,
kernel,src/hefesto_dualsense4unix/integrations/window_backends/xlib.py,path:/proc,_exe_basename_from_pid,oficial,capacidade,converge,o nó ou o atributo some ou muda de nome: o controle deixa de ser achado ou aberto,-,,
kernel,src/hefesto_dualsense4unix/interface/conexoes_vivas.py,path:/proc/self/status,Janela._medir_memoria,oficial,capacidade,converge,o nó ou o atributo some ou muda de nome: o controle deixa de ser achado ou aberto,-,,
kernel,src/hefesto_dualsense4unix/interface/controles_vivos.py,path:/proc/self/status,Janela._tique,oficial,capacidade,converge,o nó ou o atributo some ou muda de nome: o controle deixa de ser achado ou aberto,-,,
kernel,src/hefesto_dualsense4unix/interface/hefesto_vivo.py,path:/proc/self/stat,_segundos_de_vida,oficial,capacidade,converge,o nó ou o atributo some ou muda de nome: o controle deixa de ser achado ou aberto,-,,
kernel,src/hefesto_dualsense4unix/interface/jogar_vivo.py,path:/proc/self/status,Janela._tique,oficial,capacidade,converge,o nó ou o atributo some ou muda de nome: o controle deixa de ser achado ou aberto,-,,
kernel,src/hefesto_dualsense4unix/interface/perfis_vivos.py,path:/proc/self/status,Janela._tique,oficial,capacidade,converge,o nó ou o atributo some ou muda de nome: o controle deixa de ser achado ou aberto,-,,
kernel,src/hefesto_dualsense4unix/profiles/autoswitch.py,path:/proc,_cmdline_confirma_appid,oficial,capacidade,converge,o procfs muda /proc/<pid>/cmdline: o perfil do jogo não troca sozinho,-,,
kernel,src/hefesto_dualsense4unix/profiles/schema.py,lib:evdev,Profile._validate_key_bindings,oficial,capacidade,converge,"a biblioteca muda a API: a abertura do nó (evdev, uinput, pydualsense) falha na importação",-,,
kernel,src/hefesto_dualsense4unix/utils/single_instance.py,path:/proc,_read_proc_comm _read_proc_cmdline,oficial,capacidade,converge,o nó ou o atributo some ou muda de nome: o controle deixa de ser achado ou aberto,-,,
lancadores,src/hefesto_dualsense4unix/integrations/censo_dos_lancadores.py,cmd:heroic,<módulo>,interna,capacidade,converge,"o Lutris ou o Heroic muda o formato dos seus arquivos (yml, json): o jogo some do catálogo ou perde o wrapper",-,"lê o arquivo de configuração do outro programa, sem formato prometido",A-STEAM-E-OS-LANCADORES-SEM-ARQUIVO-INTERNO-01
lancadores,src/hefesto_dualsense4unix/integrations/censo_dos_lancadores.py,cmd:lutris,<módulo> _conf_do_lutris,interna,capacidade,converge,"o Lutris ou o Heroic muda o formato dos seus arquivos (yml, json): o jogo some do catálogo ou perde o wrapper",-,"lê o arquivo de configuração do outro programa, sem formato prometido",A-STEAM-E-OS-LANCADORES-SEM-ARQUIVO-INTERNO-01
lancadores,src/hefesto_dualsense4unix/integrations/cura_por_estrada.py,cmd:heroic,estradas_do_cartao estradas_possiveis _ler_a_lista_crua,interna,capacidade,converge,"o Lutris ou o Heroic muda o formato dos seus arquivos (yml, json): o jogo some do catálogo ou perde o wrapper",-,"lê o arquivo de configuração do outro programa, sem formato prometido",A-STEAM-E-OS-LANCADORES-SEM-ARQUIVO-INTERNO-01
lancadores,src/hefesto_dualsense4unix/integrations/cura_por_estrada.py,cmd:lutris,_ler_a_lista_crua,interna,capacidade,converge,"o Lutris ou o Heroic muda o formato dos seus arquivos (yml, json): o jogo some do catálogo ou perde o wrapper",-,"lê o arquivo de configuração do outro programa, sem formato prometido",A-STEAM-E-OS-LANCADORES-SEM-ARQUIVO-INTERNO-01
lancadores,src/hefesto_dualsense4unix/integrations/jogos_locais.py,cmd:heroic,<módulo>,oficial,capacidade,converge,"o Lutris ou o Heroic muda o nome pelo qual o Hefesto o reconhece (app_id, chave): o jogo dele não é reconhecido no catálogo",-,"só o nome do lançador, para reconhecer o app_id ou a chave: nenhum arquivo do outro programa é lido nem processo dele é aberto",
lancadores,src/hefesto_dualsense4unix/integrations/jogos_locais.py,cmd:lutris,<módulo>,oficial,capacidade,converge,"o Lutris ou o Heroic muda o nome pelo qual o Hefesto o reconhece (app_id, chave): o jogo dele não é reconhecido no catálogo",-,"só o nome do lançador, para reconhecer o app_id ou a chave: nenhum arquivo do outro programa é lido nem processo dele é aberto",
lancadores,src/hefesto_dualsense4unix/integrations/lista_de_exclusao.py,cmd:heroic,_ler_cru _como_dado,oficial,capacidade,converge,"o Lutris ou o Heroic muda o nome pelo qual o Hefesto o reconhece (app_id, chave): o jogo dele não é reconhecido no catálogo",-,"só o nome do lançador, para reconhecer o app_id ou a chave: nenhum arquivo do outro programa é lido nem processo dele é aberto",
lancadores,src/hefesto_dualsense4unix/integrations/lista_de_exclusao.py,cmd:lutris,_ler_cru _como_dado,oficial,capacidade,converge,"o Lutris ou o Heroic muda o nome pelo qual o Hefesto o reconhece (app_id, chave): o jogo dele não é reconhecido no catálogo",-,"só o nome do lançador, para reconhecer o app_id ou a chave: nenhum arquivo do outro programa é lido nem processo dele é aberto",
lancadores,src/hefesto_dualsense4unix/integrations/reposicao_dos_lancadores.py,cmd:heroic,<módulo>,oficial,capacidade,converge,"o Lutris ou o Heroic muda o nome pelo qual o Hefesto o reconhece (app_id, chave): o jogo dele não é reconhecido no catálogo",-,"só o nome do lançador, para reconhecer o app_id ou a chave: nenhum arquivo do outro programa é lido nem processo dele é aberto",
lancadores,src/hefesto_dualsense4unix/integrations/reposicao_dos_lancadores.py,cmd:lutris,<módulo>,oficial,capacidade,converge,"o Lutris ou o Heroic muda o nome pelo qual o Hefesto o reconhece (app_id, chave): o jogo dele não é reconhecido no catálogo",-,"só o nome do lançador, para reconhecer o app_id ou a chave: nenhum arquivo do outro programa é lido nem processo dele é aberto",
lancadores,src/hefesto_dualsense4unix/interface/desenho_dos_lancadores.py,cmd:heroic,<módulo>,oficial,capacidade,converge,"o Lutris ou o Heroic muda o nome pelo qual o Hefesto o reconhece (app_id, chave): o jogo dele não é reconhecido no catálogo",-,"só o nome do lançador, para reconhecer o app_id ou a chave: nenhum arquivo do outro programa é lido nem processo dele é aberto",
lancadores,src/hefesto_dualsense4unix/interface/desenho_dos_lancadores.py,cmd:lutris,<módulo>,oficial,capacidade,converge,"o Lutris ou o Heroic muda o nome pelo qual o Hefesto o reconhece (app_id, chave): o jogo dele não é reconhecido no catálogo",-,"só o nome do lançador, para reconhecer o app_id ou a chave: nenhum arquivo do outro programa é lido nem processo dele é aberto",
lancadores,src/hefesto_dualsense4unix/interface/pacotes/a07_lancadores.py,cmd:heroic,<módulo>,oficial,capacidade,converge,"o Lutris ou o Heroic muda o nome pelo qual o Hefesto o reconhece (app_id, chave): o jogo dele não é reconhecido no catálogo",-,"só o nome do lançador, para reconhecer o app_id ou a chave: nenhum arquivo do outro programa é lido nem processo dele é aberto",
lancadores,src/hefesto_dualsense4unix/interface/pacotes/a07_lancadores.py,cmd:lutris,<módulo>,oficial,capacidade,converge,"o Lutris ou o Heroic muda o nome pelo qual o Hefesto o reconhece (app_id, chave): o jogo dele não é reconhecido no catálogo",-,"só o nome do lançador, para reconhecer o app_id ou a chave: nenhum arquivo do outro programa é lido nem processo dele é aberto",
lancadores,src/hefesto_dualsense4unix/utils/memoria_dos_controles.py,cmd:heroic,_achar_heroic,interna,capacidade,converge,"o Lutris ou o Heroic muda o formato dos seus arquivos (yml, json): o jogo some do catálogo ou perde o wrapper",-,"lê o arquivo de configuração do outro programa, sem formato prometido",A-STEAM-E-OS-LANCADORES-SEM-ARQUIVO-INTERNO-01
pipewire,scripts/acompanhar_a_haptica.sh,cmd:pactl-list-longo,*,interna,capacidade,converge,"o texto longo do `pactl list` muda de rótulo ou ordem: o nó, o volume ou o dono do fluxo saem errados ou vazios, sem erro",-,o formato de texto longo não é promessa da ferramenta; `pactl --format=json` existe e é a porta (medido: pactl 16.1 entrega JSON aqui),O-SOM-LE-O-PACTL-EM-JSON-E-ACHA-OS-MODULOS-PELA-PORTA-01
pipewire,scripts/doctor.sh,cmd:pactl-list-longo,*,interna,capacidade,converge,"o texto longo do `pactl list` muda de rótulo ou ordem: o nó, o volume ou o dono do fluxo saem errados ou vazios, sem erro",-,o formato de texto longo não é promessa da ferramenta; `pactl --format=json` existe e é a porta (medido: pactl 16.1 entrega JSON aqui),O-SOM-LE-O-PACTL-EM-JSON-E-ACHA-OS-MODULOS-PELA-PORTA-01
pipewire,scripts/fix_wireplumber_default_source.sh,cmd:pactl-list-longo,*,interna,capacidade,converge,"o texto longo do `pactl list` muda de rótulo ou ordem: o nó, o volume ou o dono do fluxo saem errados ou vazios, sem erro",-,o formato de texto longo não é promessa da ferramenta; `pactl --format=json` existe e é a porta (medido: pactl 16.1 entrega JSON aqui),O-SOM-LE-O-PACTL-EM-JSON-E-ACHA-OS-MODULOS-PELA-PORTA-01
pipewire,scripts/medir_a_haptica_no_jogo.sh,cmd:pactl-list-longo,*,interna,capacidade,converge,"o texto longo do `pactl list` muda de rótulo ou ordem: o nó, o volume ou o dono do fluxo saem errados ou vazios, sem erro",-,o formato de texto longo não é promessa da ferramenta; `pactl --format=json` existe e é a porta (medido: pactl 16.1 entrega JSON aqui),O-SOM-LE-O-PACTL-EM-JSON-E-ACHA-OS-MODULOS-PELA-PORTA-01
pipewire,scripts/retrato_do_estado.sh,cmd:pactl-list-longo,*,interna,capacidade,converge,"o texto longo do `pactl list` muda de rótulo ou ordem: o nó, o volume ou o dono do fluxo saem errados ou vazios, sem erro",-,o formato de texto longo não é promessa da ferramenta; `pactl --format=json` existe e é a porta (medido: pactl 16.1 entrega JSON aqui),O-SOM-LE-O-PACTL-EM-JSON-E-ACHA-OS-MODULOS-PELA-PORTA-01
pipewire,src/hefesto_dualsense4unix/app/audio_saida.py,cfg:wireplumber,caminho_regra_nunca_dorme,oficial,capacidade,converge,o WirePlumber muda onde lê os drop-ins (wireplumber.conf.d): a regra do Hefesto deixa de valer,contrato:pipewire-wpctl,,
pipewire,src/hefesto_dualsense4unix/app/audio_saida.py,cfg:wireplumber.conf.d,caminho_regra_nunca_dorme,oficial,capacidade,converge,o WirePlumber muda onde lê os drop-ins (wireplumber.conf.d): a regra do Hefesto deixa de valer,contrato:pipewire-wpctl,,
pipewire,src/hefesto_dualsense4unix/app/audio_saida.py,cmd:pactl,acordar_sink garantir_saida_audivel tocar_confirmacao,oficial,capacidade,converge,"o pactl muda um verbo ou a saída curta: o áudio do controle (som, microfone, háptica) deixa de ser achado",contrato:pipewire-pactl-json,,
pipewire,src/hefesto_dualsense4unix/app/audio_saida.py,cmd:paplay,<módulo>,oficial,capacidade,converge,"o pactl muda um verbo ou a saída curta: o áudio do controle (som, microfone, háptica) deixa de ser achado",contrato:pipewire-pactl-json,,
pipewire,src/hefesto_dualsense4unix/app/audio_saida.py,cmd:pw-play,<módulo>,oficial,capacidade,converge,a ferramenta de áudio muda argumento ou some do pacote: o fluxo do controle não abre,contrato:pipewire-pactl-json,,
pipewire,src/hefesto_dualsense4unix/app/mic_monitor.py,cmd:pactl,MicMonitor._descobrir_fontes MicMonitor._casar_por_usb MicMonitor._descobrir_saidas,oficial,capacidade,converge,"o pactl muda um verbo ou a saída curta: o áudio do controle (som, microfone, háptica) deixa de ser achado",contrato:pipewire-pactl-json,,
pipewire,src/hefesto_dualsense4unix/app/mic_monitor.py,cmd:parec,_abrir_captura,oficial,capacidade,converge,a ferramenta de áudio muda argumento ou some do pacote: o fluxo do controle não abre,contrato:pipewire-pactl-json,,
pipewire,src/hefesto_dualsense4unix/daemon/ganho_da_haptica.py,cmd:pactl,GanhoDaHaptica._escrever_traseiros,oficial,capacidade,converge,"o pactl muda um verbo ou a saída curta: o áudio do controle (som, microfone, háptica) deixa de ser achado",contrato:pipewire-pactl-json,,
pipewire,src/hefesto_dualsense4unix/daemon/subsystems/bt_mic.py,cmd:pactl,fonte_padrao_crua,oficial,capacidade,converge,"o pactl muda um verbo ou a saída curta: o áudio do controle (som, microfone, háptica) deixa de ser achado",contrato:pipewire-pactl-json,,
pipewire,src/hefesto_dualsense4unix/daemon/subsystems/hotkey.py,cmd:pactl,_fonte_esta_muda _mudo_pelo_retrato,oficial,capacidade,converge,"o pactl muda um verbo ou a saída curta: o áudio do controle (som, microfone, háptica) deixa de ser achado",contrato:pipewire-pactl-json,,
pipewire,src/hefesto_dualsense4unix/daemon/subsystems/ouvinte_do_som.py,cmd:pactl,ouvinte_do_som_loop _uma_volta,oficial,capacidade,converge,"o pactl muda um verbo ou a saída curta: o áudio do controle (som, microfone, háptica) deixa de ser achado",contrato:pipewire-pactl-json,,
pipewire,src/hefesto_dualsense4unix/integrations/alto_falante_bt.py,cfg:pipewire,o_servidor_e_o_pipewire,oficial,capacidade,converge,o WirePlumber muda onde lê os drop-ins (wireplumber.conf.d): a regra do Hefesto deixa de valer,contrato:pipewire-wpctl,,
pipewire,src/hefesto_dualsense4unix/integrations/alto_falante_bt.py,cmd:pactl,SinkVirtualPipeWire.iniciar SinkVirtualPipeWire.religar SinkVirtualPipeWire.parar,oficial,capacidade,converge,"o pactl muda um verbo ou a saída curta: o áudio do controle (som, microfone, háptica) deixa de ser achado",contrato:pipewire-pactl-json,,
pipewire,src/hefesto_dualsense4unix/integrations/alto_falante_bt.py,cmd:pactl-list-longo,volumes_do_sink sink_do_controle,interna,capacidade,converge,"o texto longo do `pactl list` muda de rótulo ou ordem: o nó, o volume ou o dono do fluxo saem errados ou vazios, sem erro",-,o formato de texto longo não é promessa da ferramenta; `pactl --format=json` existe e é a porta (medido: pactl 16.1 entrega JSON aqui),O-SOM-LE-O-PACTL-EM-JSON-E-ACHA-OS-MODULOS-PELA-PORTA-01
pipewire,src/hefesto_dualsense4unix/integrations/alto_falante_bt.py,cmd:parec,<módulo>,oficial,capacidade,converge,a ferramenta de áudio muda argumento ou some do pacote: o fluxo do controle não abre,contrato:pipewire-pactl-json,,
pipewire,src/hefesto_dualsense4unix/integrations/alto_falante_bt.py,cmd:pw-dump,conferir_o_alvo_do_gravador,oficial,capacidade,converge,a ferramenta de áudio muda argumento ou some do pacote: o fluxo do controle não abre,contrato:pipewire-pactl-json,,
pipewire,src/hefesto_dualsense4unix/integrations/alto_falante_bt.py,cmd:pw-record,<módulo> argv_do_gravador,oficial,capacidade,converge,a ferramenta de áudio muda argumento ou some do pacote: o fluxo do controle não abre,contrato:pipewire-pactl-json,,
pipewire,src/hefesto_dualsense4unix/integrations/alto_falante_bt.py,path:/usr/lib/pipewire-0.N,<módulo>,interna,versão,converge,"o PipeWire muda o diretório dos módulos (hoje pipewire-0.3, que ainda vale na 1.6.8): o módulo do Hefesto não é achado e o som cai para o outro caminho",-,o diretório carrega a versão da API no nome e está escrito no código; a porta é `pkg-config --variable=moduledir libpipewire-0.3` (medido: devolve o mesmo diretório),O-SOM-LE-O-PACTL-EM-JSON-E-ACHA-OS-MODULOS-PELA-PORTA-01
pipewire,src/hefesto_dualsense4unix/integrations/alto_falante_bt.py,path:/usr/lib/x86_64-linux-gnu,<módulo>,interna,versão,converge,"o PipeWire muda o diretório dos módulos (hoje pipewire-0.3, que ainda vale na 1.6.8): o módulo do Hefesto não é achado e o som cai para o outro caminho",-,o diretório carrega a versão da API no nome e está escrito no código; a porta é `pkg-config --variable=moduledir libpipewire-0.3` (medido: devolve o mesmo diretório),O-SOM-LE-O-PACTL-EM-JSON-E-ACHA-OS-MODULOS-PELA-PORTA-01
pipewire,src/hefesto_dualsense4unix/integrations/audio_control.py,cmd:pactl,<módulo> AudioControl._detect_backend AudioControl.fonte_padrao_e_o_controle,oficial,capacidade,converge,"o pactl muda um verbo ou a saída curta: o áudio do controle (som, microfone, háptica) deixa de ser achado",contrato:pipewire-pactl-json,,
pipewire,src/hefesto_dualsense4unix/integrations/audio_control.py,cmd:pactl-list-longo,fonte_de_captura_do_uniq,interna,capacidade,converge,"o texto longo do `pactl list` muda de rótulo ou ordem: o nó, o volume ou o dono do fluxo saem errados ou vazios, sem erro",-,o formato de texto longo não é promessa da ferramenta; `pactl --format=json` existe e é a porta (medido: pactl 16.1 entrega JSON aqui),O-SOM-LE-O-PACTL-EM-JSON-E-ACHA-OS-MODULOS-PELA-PORTA-01
pipewire,src/hefesto_dualsense4unix/integrations/audio_control.py,cmd:wpctl,<módulo> AudioControl._detect_backend AudioControl.fonte_padrao_e_o_controle,oficial,capacidade,converge,o wpctl muda o subcomando: a escolha da fonte padrão cai para o pactl,contrato:pipewire-wpctl,,
pipewire,src/hefesto_dualsense4unix/integrations/audio_ks_dualsense.py,cmd:pactl,endpoints_de_mentira placas_servidas indice_do_fluxo,oficial,capacidade,converge,"o pactl muda um verbo ou a saída curta: o áudio do controle (som, microfone, háptica) deixa de ser achado",contrato:pipewire-pactl-json,,
pipewire,src/hefesto_dualsense4unix/integrations/audio_ks_dualsense.py,cmd:pactl-list-longo,endpoints_de_mentira placas_servidas indice_do_fluxo,interna,capacidade,converge,"o texto longo do `pactl list` muda de rótulo ou ordem: o nó, o volume ou o dono do fluxo saem errados ou vazios, sem erro",-,o formato de texto longo não é promessa da ferramenta; `pactl --format=json` existe e é a porta (medido: pactl 16.1 entrega JSON aqui),O-SOM-LE-O-PACTL-EM-JSON-E-ACHA-OS-MODULOS-PELA-PORTA-01
pipewire,src/hefesto_dualsense4unix/integrations/canal_do_microfone.py,cmd:pactl,desmutar,oficial,capacidade,converge,"o pactl muda um verbo ou a saída curta: o áudio do controle (som, microfone, háptica) deixa de ser achado",contrato:pipewire-pactl-json,,
pipewire,src/hefesto_dualsense4unix/integrations/canal_do_microfone.py,cmd:parec,<módulo>,oficial,capacidade,converge,a ferramenta de áudio muda argumento ou some do pacote: o fluxo do controle não abre,contrato:pipewire-pactl-json,,
pipewire,src/hefesto_dualsense4unix/integrations/contratos_de_fora.py,cfg:pipewire,<módulo>,oficial,capacidade,converge,o WirePlumber muda onde lê os drop-ins (wireplumber.conf.d): a regra do Hefesto deixa de valer,contrato:pipewire-wpctl,,
pipewire,src/hefesto_dualsense4unix/integrations/contratos_de_fora.py,cmd:pactl,_sonda_pactl_json,oficial,capacidade,converge,"o pactl muda um verbo ou a saída curta: o áudio do controle (som, microfone, háptica) deixa de ser achado",contrato:pipewire-pactl-json,,
pipewire,src/hefesto_dualsense4unix/integrations/contratos_de_fora.py,cmd:wpctl,_sonda_wpctl <módulo>,oficial,capacidade,converge,o wpctl muda o subcomando: a escolha da fonte padrão cai para o pactl,contrato:pipewire-wpctl,,
pipewire,src/hefesto_dualsense4unix/integrations/dualsense_bt_audio.py,cmd:pactl,SourceVirtualPipeWire._modulos_do_servidor_com_este_nome SourceVirtualPipeWire.iniciar SourceVirtualPipeWire.estado,oficial,capacidade,converge,"o pactl muda um verbo ou a saída curta: o áudio do controle (som, microfone, háptica) deixa de ser achado",contrato:pipewire-pactl-json,,
pipewire,src/hefesto_dualsense4unix/integrations/dualsense_bt_audio.py,path:/usr/lib/pipewire-0.N,<módulo>,interna,versão,converge,"o PipeWire muda o diretório dos módulos (hoje pipewire-0.3, que ainda vale na 1.6.8): o módulo do Hefesto não é achado e o som cai para o outro caminho",-,o diretório carrega a versão da API no nome e está escrito no código; a porta é `pkg-config --variable=moduledir libpipewire-0.3` (medido: devolve o mesmo diretório),O-SOM-LE-O-PACTL-EM-JSON-E-ACHA-OS-MODULOS-PELA-PORTA-01
pipewire,src/hefesto_dualsense4unix/integrations/dualsense_bt_audio.py,path:/usr/lib/x86_64-linux-gnu,<módulo>,interna,versão,converge,"o PipeWire muda o diretório dos módulos (hoje pipewire-0.3, que ainda vale na 1.6.8): o módulo do Hefesto não é achado e o som cai para o outro caminho",-,o diretório carrega a versão da API no nome e está escrito no código; a porta é `pkg-config --variable=moduledir libpipewire-0.3` (medido: devolve o mesmo diretório),O-SOM-LE-O-PACTL-EM-JSON-E-ACHA-OS-MODULOS-PELA-PORTA-01
pipewire,src/hefesto_dualsense4unix/integrations/eleicao_de_microfone.py,cmd:pactl,fonte_ativa EleitorDeMicrofone._eleger_nome _fontes_de_captura_ou_nada,oficial,capacidade,converge,"o pactl muda um verbo ou a saída curta: o áudio do controle (som, microfone, háptica) deixa de ser achado",contrato:pipewire-pactl-json,,
pipewire,src/hefesto_dualsense4unix/integrations/eleicao_de_microfone.py,cmd:pactl-list-longo,casamento_usb_agora,interna,capacidade,converge,"o texto longo do `pactl list` muda de rótulo ou ordem: o nó, o volume ou o dono do fluxo saem errados ou vazios, sem erro",-,o formato de texto longo não é promessa da ferramenta; `pactl --format=json` existe e é a porta (medido: pactl 16.1 entrega JSON aqui),O-SOM-LE-O-PACTL-EM-JSON-E-ACHA-OS-MODULOS-PELA-PORTA-01
pipewire,src/hefesto_dualsense4unix/integrations/endpoint_de_haptica.py,cmd:pactl,endpoints_de_pe rotulo_no_ar varrer_endpoints_orfaos,oficial,capacidade,converge,"o pactl muda um verbo ou a saída curta: o áudio do controle (som, microfone, háptica) deixa de ser achado",contrato:pipewire-pactl-json,,
pipewire,src/hefesto_dualsense4unix/integrations/endpoint_de_haptica.py,cmd:pactl-list-longo,EndpointDeHaptica._ligar_os_motores fluxos_nos_endpoints,interna,capacidade,converge,"o texto longo do `pactl list` muda de rótulo ou ordem: o nó, o volume ou o dono do fluxo saem errados ou vazios, sem erro",-,o formato de texto longo não é promessa da ferramenta; `pactl --format=json` existe e é a porta (medido: pactl 16.1 entrega JSON aqui),O-SOM-LE-O-PACTL-EM-JSON-E-ACHA-OS-MODULOS-PELA-PORTA-01
pipewire,src/hefesto_dualsense4unix/integrations/endpoint_de_haptica.py,cmd:pw-cat,argv_do_tocador,oficial,capacidade,converge,a ferramenta de áudio muda argumento ou some do pacote: o fluxo do controle não abre,contrato:pipewire-pactl-json,,
pipewire,src/hefesto_dualsense4unix/integrations/endpoint_de_haptica.py,cmd:pw-dump,conferir_o_destino_do_tocador,oficial,capacidade,converge,a ferramenta de áudio muda argumento ou some do pacote: o fluxo do controle não abre,contrato:pipewire-pactl-json,,
pipewire,src/hefesto_dualsense4unix/integrations/ganho_do_microfone.py,cmd:amixer,definir,oficial,capacidade,converge,a ferramenta de áudio muda argumento ou some do pacote: o fluxo do controle não abre,contrato:pipewire-pactl-json,,
pipewire,src/hefesto_dualsense4unix/integrations/ganho_do_microfone.py,cmd:pactl,placa_do_controle,oficial,capacidade,converge,"o pactl muda um verbo ou a saída curta: o áudio do controle (som, microfone, háptica) deixa de ser achado",contrato:pipewire-pactl-json,,
pipewire,src/hefesto_dualsense4unix/integrations/ganho_do_microfone.py,cmd:pactl-list-longo,placa_do_controle,interna,capacidade,converge,"o texto longo do `pactl list` muda de rótulo ou ordem: o nó, o volume ou o dono do fluxo saem errados ou vazios, sem erro",-,o formato de texto longo não é promessa da ferramenta; `pactl --format=json` existe e é a porta (medido: pactl 16.1 entrega JSON aqui),O-SOM-LE-O-PACTL-EM-JSON-E-ACHA-OS-MODULOS-PELA-PORTA-01
pipewire,src/hefesto_dualsense4unix/integrations/haptica_do_cabo.py,cmd:pactl,HapticaDoCabo._aplicar_o_portao,oficial,capacidade,converge,"o pactl muda um verbo ou a saída curta: o áudio do controle (som, microfone, háptica) deixa de ser achado",contrato:pipewire-pactl-json,,
pipewire,src/hefesto_dualsense4unix/integrations/laco_de_audio.py,cmd:pw-loopback,Lacos.ligar,oficial,capacidade,converge,a ferramenta de áudio muda argumento ou some do pacote: o fluxo do controle não abre,contrato:pipewire-pactl-json,,
pipewire,src/hefesto_dualsense4unix/integrations/nivel_do_microfone.py,cmd:parec,argv_do_medidor abrir_fluxo,oficial,capacidade,converge,a ferramenta de áudio muda argumento ou some do pacote: o fluxo do controle não abre,contrato:pipewire-pactl-json,,
pipewire,src/hefesto_dualsense4unix/integrations/quem_ouve_o_microfone.py,cmd:pactl,ler_quem_ouve,oficial,capacidade,converge,"o pactl muda um verbo ou a saída curta: o áudio do controle (som, microfone, háptica) deixa de ser achado",contrato:pipewire-pactl-json,,
pipewire,src/hefesto_dualsense4unix/integrations/quem_ouve_o_microfone.py,cmd:pactl-list-longo,ler_quem_ouve,interna,capacidade,converge,"o texto longo do `pactl list` muda de rótulo ou ordem: o nó, o volume ou o dono do fluxo saem errados ou vazios, sem erro",-,o formato de texto longo não é promessa da ferramenta; `pactl --format=json` existe e é a porta (medido: pactl 16.1 entrega JSON aqui),O-SOM-LE-O-PACTL-EM-JSON-E-ACHA-OS-MODULOS-PELA-PORTA-01
pipewire,src/hefesto_dualsense4unix/integrations/retrato_do_som.py,cmd:pactl,<módulo> verbo_do_pactl ler_do_servidor,oficial,capacidade,converge,"o pactl muda um verbo ou a saída curta: o áudio do controle (som, microfone, háptica) deixa de ser achado",contrato:pipewire-pactl-json,,
pipewire,src/hefesto_dualsense4unix/integrations/retrato_do_som.py,cmd:pactl-list-longo,<módulo>,interna,capacidade,converge,"o texto longo do `pactl list` muda de rótulo ou ordem: o nó, o volume ou o dono do fluxo saem errados ou vazios, sem erro",-,o formato de texto longo não é promessa da ferramenta; `pactl --format=json` existe e é a porta (medido: pactl 16.1 entrega JSON aqui),O-SOM-LE-O-PACTL-EM-JSON-E-ACHA-OS-MODULOS-PELA-PORTA-01
pipewire,src/hefesto_dualsense4unix/integrations/teste_do_microfone.py,cmd:pactl,fonte_do_controle,oficial,capacidade,converge,"o pactl muda um verbo ou a saída curta: o áudio do controle (som, microfone, háptica) deixa de ser achado",contrato:pipewire-pactl-json,,
pipewire,src/hefesto_dualsense4unix/interface/pacotes/a02_controles.py,cmd:amixer,_ler_o_ganho,oficial,capacidade,converge,a ferramenta de áudio muda argumento ou some do pacote: o fluxo do controle não abre,contrato:pipewire-pactl-json,,
pipewire,src/hefesto_dualsense4unix/interface/pacotes/a02_controles.py,cmd:pactl,_ler_o_ganho _ler_o_sono,oficial,capacidade,converge,"o pactl muda um verbo ou a saída curta: o áudio do controle (som, microfone, háptica) deixa de ser achado",contrato:pipewire-pactl-json,,
pipewire,src/hefesto_dualsense4unix/interface/pacotes/a02_controles.py,cmd:pactl-list-longo,_ler_o_ganho,interna,capacidade,converge,"o texto longo do `pactl list` muda de rótulo ou ordem: o nó, o volume ou o dono do fluxo saem errados ou vazios, sem erro",-,o formato de texto longo não é promessa da ferramenta; `pactl --format=json` existe e é a porta (medido: pactl 16.1 entrega JSON aqui),O-SOM-LE-O-PACTL-EM-JSON-E-ACHA-OS-MODULOS-PELA-PORTA-01
pipewire,src/hefesto_dualsense4unix/utils/memoria_dos_controles.py,cfg:wireplumber,_rastros_do_wireplumber principal,oficial,capacidade,converge,o WirePlumber muda onde lê os drop-ins (wireplumber.conf.d): a regra do Hefesto deixa de valer,contrato:pipewire-wpctl,,
pipewire,src/hefesto_dualsense4unix/utils/xdg_paths.py,cfg:wireplumber,wireplumber_config_dir,oficial,capacidade,converge,o WirePlumber muda onde lê os drop-ins (wireplumber.conf.d): a regra do Hefesto deixa de valer,contrato:pipewire-wpctl,,
pipewire,src/hefesto_dualsense4unix/utils/xdg_paths.py,cfg:wireplumber.conf.d,wireplumber_config_dir,oficial,capacidade,converge,o WirePlumber muda onde lê os drop-ins (wireplumber.conf.d): a regra do Hefesto deixa de valer,contrato:pipewire-wpctl,,
proton,src/hefesto_dualsense4unix/integrations/censo_dos_lancadores.py,cfg:compatibilitytools.d,_UmuDoLutris._e_proton,oficial,capacidade,converge,o Proton de terceiros muda o contrato da pasta compatibilitytools.d: o GE-Proton pinado não é achado ou escolhido,contrato:proton-de-terceiros,,
proton,src/hefesto_dualsense4unix/integrations/contratos_de_fora.py,cfg:compatibilitytool.vdf,_sonda_proton,oficial,capacidade,converge,o Proton de terceiros muda o contrato da pasta compatibilitytools.d: o GE-Proton pinado não é achado ou escolhido,contrato:proton-de-terceiros,,
proton,src/hefesto_dualsense4unix/integrations/contratos_de_fora.py,cfg:compatibilitytools.d,_sonda_proton,oficial,capacidade,converge,o Proton de terceiros muda o contrato da pasta compatibilitytools.d: o GE-Proton pinado não é achado ou escolhido,contrato:proton-de-terceiros,,
proton,src/hefesto_dualsense4unix/integrations/proton_pin.py,cfg:compatibilitytool.vdf,nomes_internos,oficial,capacidade,converge,o Proton de terceiros muda o contrato da pasta compatibilitytools.d: o GE-Proton pinado não é achado ou escolhido,contrato:proton-de-terceiros,,
proton,src/hefesto_dualsense4unix/integrations/proton_pin.py,cfg:compatibilitytools.d,raiz_envenenada default_compat_dir versoes_que_sobram,oficial,capacidade,converge,o Proton de terceiros muda o contrato da pasta compatibilitytools.d: o GE-Proton pinado não é achado ou escolhido,contrato:proton-de-terceiros,,
proton,src/hefesto_dualsense4unix/integrations/proton_pin.py,cmd:gio,_para_a_lixeira,oficial,capacidade,converge,o gio trash muda: a pasta velha do Proton não vai para a lixeira,contrato:proton-de-terceiros,,
sistema,src/hefesto_dualsense4unix/integrations/conexao_zumbi.py,cmd:sudo,pedido_a_ponte PontePrivilegiada.impedimentos_do_pedido,oficial,capacidade,comando,o sudo sem senha deixa de valer: a ponte privilegiada recusa e o pedido morre calado para quem não tem sudoers,-,o que pede root é o guardar de bond e a ponte do rádio; a cura é o BlueZ pela porta oficial e a ponte só para o que sobrar,O-BLUEZ-SO-PELA-PORTA-OFICIAL-01
sistema,src/hefesto_dualsense4unix/utils/memoria_dos_controles.py,cmd:sudo,Sistema.rodar_parte_do_root,oficial,capacidade,comando,o sudo sem senha deixa de valer: a ponte privilegiada recusa e o pedido morre calado para quem não tem sudoers,-,o que pede root é o guardar de bond e a ponte do rádio; a cura é o BlueZ pela porta oficial e a ponte só para o que sobrar,O-BLUEZ-SO-PELA-PORTA-OFICIAL-01
steam,install.sh,cfg:.vdf,*,interna,capacidade,converge,"a Steam muda o formato do arquivo interno: as pastas da biblioteca, o Proton pinado ou o nome do jogo saem vazios",-,"arquivo interno da Steam, sem formato prometido",A-STEAM-E-OS-LANCADORES-SEM-ARQUIVO-INTERNO-01
steam,scripts/disable_steam_input.sh,cfg:.vdf,*,interna,capacidade,converge,"a Steam muda o formato do arquivo interno: as pastas da biblioteca, o Proton pinado ou o nome do jogo saem vazios",-,"arquivo interno da Steam, sem formato prometido",A-STEAM-E-OS-LANCADORES-SEM-ARQUIVO-INTERNO-01
steam,scripts/doctor.sh,cfg:.vdf,*,interna,capacidade,converge,"a Steam muda o formato do arquivo interno: as pastas da biblioteca, o Proton pinado ou o nome do jogo saem vazios",-,"arquivo interno da Steam, sem formato prometido",A-STEAM-E-OS-LANCADORES-SEM-ARQUIVO-INTERNO-01
steam,src/hefesto_dualsense4unix/daemon/lifecycle.py,cmd:steam,DaemonConfig,oficial,capacidade,converge,a Steam muda o nome do executável: a leitura da biblioteca ou do processo falha,contrato:steam-localconfig,,
steam,src/hefesto_dualsense4unix/integrations/contratos_de_fora.py,cfg:.steam,_raizes_da_steam,interna,capacidade,converge,"a Steam muda a disposição das pastas (steamapps, ~/.steam/steam): a biblioteca do jogo não é achada",-,"a disposição das pastas é convenção da Steam, não promessa",A-STEAM-E-OS-LANCADORES-SEM-ARQUIVO-INTERNO-01
steam,src/hefesto_dualsense4unix/integrations/contratos_de_fora.py,cfg:localconfig.vdf,_sonda_steam,interna,capacidade,converge,a Steam reescreve o localconfig.vdf (já apagou o wrapper de lançamento de um jogo sem aviso): a opção de lançamento do jogo perde o Hefesto,contrato:steam-localconfig,"não há API para a Opção de Lançamento; o arquivo é o único lugar, e a Steam é a dona dele. A sentinela percebe, a cura é converger pelo estado lido e avisar no doctor",A-STEAM-E-OS-LANCADORES-SEM-ARQUIVO-INTERNO-01
steam,src/hefesto_dualsense4unix/integrations/jogos_locais.py,cmd:xdg-open,<módulo>,oficial,capacidade,converge,o xdg-open muda o tratamento do esquema steam://: o jogo não abre pelo painel,contrato:steam-localconfig,«xdg-open» é só o nome do programa que abre outro (conjunto de reconhecimento): nenhum processo é lançado por este módulo,
steam,src/hefesto_dualsense4unix/integrations/proton_pin.py,cfg:appinfo.vdf,jogos_sem_entrada_nova,interna,capacidade,converge,"a Steam muda o formato do arquivo interno: as pastas da biblioteca, o Proton pinado ou o nome do jogo saem vazios",-,"arquivo interno da Steam, sem formato prometido",A-STEAM-E-OS-LANCADORES-SEM-ARQUIVO-INTERNO-01
steam,src/hefesto_dualsense4unix/integrations/proton_pin.py,cfg:config.vdf,<módulo> default_config_vdf versoes_que_sobram,interna,capacidade,converge,"a Steam muda o formato do arquivo interno: as pastas da biblioteca, o Proton pinado ou o nome do jogo saem vazios",-,"arquivo interno da Steam, sem formato prometido",A-STEAM-E-OS-LANCADORES-SEM-ARQUIVO-INTERNO-01
steam,src/hefesto_dualsense4unix/integrations/proton_pin.py,cfg:steamapps,<módulo> _pastas_de_biblioteca,interna,capacidade,converge,"a Steam muda a disposição das pastas (steamapps, ~/.steam/steam): a biblioteca do jogo não é achada",-,"a disposição das pastas é convenção da Steam, não promessa",A-STEAM-E-OS-LANCADORES-SEM-ARQUIVO-INTERNO-01
steam,src/hefesto_dualsense4unix/integrations/steam_input_ponte.py,cfg:steamapps,<módulo>,interna,capacidade,converge,"a Steam muda a disposição das pastas (steamapps, ~/.steam/steam): a biblioteca do jogo não é achada",-,"a disposição das pastas é convenção da Steam, não promessa",A-STEAM-E-OS-LANCADORES-SEM-ARQUIVO-INTERNO-01
steam,src/hefesto_dualsense4unix/integrations/steam_launch_options.py,cfg:libraryfolders.vdf,pastas_steamapps,interna,capacidade,converge,"a Steam muda o formato do arquivo interno: as pastas da biblioteca, o Proton pinado ou o nome do jogo saem vazios",-,"arquivo interno da Steam, sem formato prometido",A-STEAM-E-OS-LANCADORES-SEM-ARQUIVO-INTERNO-01
steam,src/hefesto_dualsense4unix/integrations/steam_launch_options.py,cfg:localconfig.vdf,<módulo>,interna,capacidade,converge,a Steam reescreve o localconfig.vdf (já apagou o wrapper de lançamento de um jogo sem aviso): a opção de lançamento do jogo perde o Hefesto,contrato:steam-localconfig,"não há API para a Opção de Lançamento; o arquivo é o único lugar, e a Steam é a dona dele. A sentinela percebe, a cura é converger pelo estado lido e avisar no doctor",A-STEAM-E-OS-LANCADORES-SEM-ARQUIVO-INTERNO-01
steam,src/hefesto_dualsense4unix/integrations/steam_launch_options.py,cfg:steamapps,pastas_steamapps,interna,capacidade,converge,"a Steam muda a disposição das pastas (steamapps, ~/.steam/steam): a biblioteca do jogo não é achada",-,"a disposição das pastas é convenção da Steam, não promessa",A-STEAM-E-OS-LANCADORES-SEM-ARQUIVO-INTERNO-01
steam,src/hefesto_dualsense4unix/integrations/steam_launch_options.py,cmd:steam,stop_steam <módulo>,oficial,capacidade,converge,a Steam muda uma opção de linha de comando: o fechar e reabrir para gravar a opção de lançamento não funciona,contrato:steam-localconfig,"fecha e reabre a Steam pelo comando que ela documenta (-shutdown e a abertura) e LÊ de volta o estado: stop_steam espera o processo sumir e reopen_steam espera a Steam de pé, tentando a porta seguinte se a primeira não a levantou. A porta oficial é o comando; o estado lido é o processo",
steam,src/hefesto_dualsense4unix/integrations/steam_launch_options.py,cmd:xdg-open,<módulo>,oficial,capacidade,converge,o xdg-open muda o tratamento do esquema steam://: o jogo não abre pelo painel,contrato:steam-localconfig,"é a segunda porta de reabrir a Steam (a URL steam://open/main que o .desktop da Flatpak e da Snap registra); o reopen_steam só dá por aberta a Steam que lê de pé",
steam,src/hefesto_dualsense4unix/integrations/storm_doctor.py,cfg:localconfig.vdf,find_localconfig_vdfs,interna,capacidade,converge,a Steam reescreve o localconfig.vdf (já apagou o wrapper de lançamento de um jogo sem aviso): a opção de lançamento do jogo perde o Hefesto,contrato:steam-localconfig,"não há API para a Opção de Lançamento; o arquivo é o único lugar, e a Steam é a dona dele. A sentinela percebe, a cura é converger pelo estado lido e avisar no doctor",A-STEAM-E-OS-LANCADORES-SEM-ARQUIVO-INTERNO-01
steam,src/hefesto_dualsense4unix/interface/desenho_dos_lancadores.py,cmd:steam,<módulo>,oficial,capacidade,converge,a Steam muda o nome do executável: a leitura da biblioteca ou do processo falha,contrato:steam-localconfig,,
steam,src/hefesto_dualsense4unix/interface/pacotes/a09_sistema.py,cmd:steam,<módulo>,oficial,capacidade,converge,a Steam muda o nome do executável: a leitura da biblioteca ou do processo falha,contrato:steam-localconfig,,
steam,src/hefesto_dualsense4unix/profiles/simple_match.py,cmd:steam,<módulo> procedencia_do_match,oficial,capacidade,converge,a Steam muda o nome do executável: a leitura da biblioteca ou do processo falha,contrato:steam-localconfig,,
steam,src/hefesto_dualsense4unix/utils/memoria_dos_controles.py,cfg:.steam,conferir_o_ensaio,interna,capacidade,converge,"a Steam muda a disposição das pastas (steamapps, ~/.steam/steam): a biblioteca do jogo não é achada",-,"a disposição das pastas é convenção da Steam, não promessa",A-STEAM-E-OS-LANCADORES-SEM-ARQUIVO-INTERNO-01
steam,src/hefesto_dualsense4unix/utils/memoria_dos_controles.py,cfg:config.vdf,<módulo>,interna,capacidade,converge,"a Steam muda o formato do arquivo interno: as pastas da biblioteca, o Proton pinado ou o nome do jogo saem vazios",-,"arquivo interno da Steam, sem formato prometido",A-STEAM-E-OS-LANCADORES-SEM-ARQUIVO-INTERNO-01
steam,src/hefesto_dualsense4unix/utils/memoria_dos_controles.py,cfg:localconfig.vdf,<módulo>,interna,capacidade,converge,a Steam reescreve o localconfig.vdf (já apagou o wrapper de lançamento de um jogo sem aviso): a opção de lançamento do jogo perde o Hefesto,contrato:steam-localconfig,"não há API para a Opção de Lançamento; o arquivo é o único lugar, e a Steam é a dona dele. A sentinela percebe, a cura é converger pelo estado lido e avisar no doctor",A-STEAM-E-OS-LANCADORES-SEM-ARQUIVO-INTERNO-01
steam,uninstall.sh,cfg:.vdf,*,interna,capacidade,converge,"a Steam muda o formato do arquivo interno: as pastas da biblioteca, o Proton pinado ou o nome do jogo saem vazios",-,"arquivo interno da Steam, sem formato prometido",A-STEAM-E-OS-LANCADORES-SEM-ARQUIVO-INTERNO-01
systemd,src/hefesto_dualsense4unix/app/actions/daemon_actions.py,cmd:systemctl,medir_guarda_do_steam_input DaemonActionsMixin._invoke_systemctl,oficial,capacidade,converge,o systemctl muda um verbo: o serviço do Hefesto não liga ou não desliga pelo gesto,contrato:systemd-usuario,,
systemd,src/hefesto_dualsense4unix/daemon/service_install.py,cmd:systemctl,_systemctl_de_usuario_disponivel ServiceInstaller._systemctl,oficial,capacidade,converge,o systemctl muda um verbo: o serviço do Hefesto não liga ou não desliga pelo gesto,contrato:systemd-usuario,,
systemd,src/hefesto_dualsense4unix/daemon/service_install.py,path:/etc/systemd/user,<módulo>,oficial,capacidade,converge,o systemd muda onde procura a unidade: o serviço do Hefesto não sobe,contrato:systemd-usuario,,
systemd,src/hefesto_dualsense4unix/daemon/service_install.py,path:/usr/lib/systemd,<módulo>,oficial,capacidade,converge,o systemd muda onde procura a unidade: o serviço do Hefesto não sobe,contrato:systemd-usuario,,
systemd,src/hefesto_dualsense4unix/daemon/subsystems/autoswitch.py,cmd:systemctl,_ensure_display_env,oficial,capacidade,converge,o systemctl muda um verbo: o serviço do Hefesto não liga ou não desliga pelo gesto,contrato:systemd-usuario,,
systemd,src/hefesto_dualsense4unix/daemon/subsystems/identity.py,path:/etc/machine-id,<módulo>,oficial,capacidade,converge,o arquivo muda de lugar: a identidade da máquina ou o socket do usuário não é achado,contrato:systemd-usuario,,
systemd,src/hefesto_dualsense4unix/daemon/subsystems/identity.py,path:/var/lib/dbus,<módulo>,oficial,capacidade,converge,o arquivo muda de lugar: a identidade da máquina ou o socket do usuário não é achado,contrato:systemd-usuario,,
systemd,src/hefesto_dualsense4unix/integrations/bluez_dbus.py,dbus:org.freedesktop.DBus,<módulo>,oficial,capacidade,converge,o barramento muda um nome: a faixa do Wi-Fi ou a lista de nomes não é lida,-,,
systemd,src/hefesto_dualsense4unix/integrations/contratos_de_fora.py,cmd:systemctl,_sonda_systemd <módulo>,oficial,capacidade,converge,o systemctl muda um verbo: o serviço do Hefesto não liga ou não desliga pelo gesto,contrato:systemd-usuario,,
systemd,src/hefesto_dualsense4unix/integrations/desktop_notifications.py,dbus:org.freedesktop.DBus,statusnotifierwatcher_available,oficial,capacidade,converge,o barramento muda um nome: a faixa do Wi-Fi ou a lista de nomes não é lida,-,,
systemd,src/hefesto_dualsense4unix/integrations/dualsense_bt_audio.py,path:/etc/machine-id,<módulo>,oficial,capacidade,converge,o arquivo muda de lugar: a identidade da máquina ou o socket do usuário não é achado,contrato:systemd-usuario,,
systemd,src/hefesto_dualsense4unix/integrations/dualsense_bt_audio.py,path:/var/lib/dbus,<módulo>,oficial,capacidade,converge,o arquivo muda de lugar: a identidade da máquina ou o socket do usuário não é achado,contrato:systemd-usuario,,
systemd,src/hefesto_dualsense4unix/integrations/faixa_do_wifi.py,dbus:org.freedesktop.DBus,<módulo>,oficial,capacidade,converge,o barramento muda um nome: a faixa do Wi-Fi ou a lista de nomes não é lida,-,,
systemd,src/hefesto_dualsense4unix/integrations/faixa_do_wifi.py,dbus:org.freedesktop.NetworkManager,<módulo>,oficial,capacidade,converge,o barramento muda um nome: a faixa do Wi-Fi ou a lista de nomes não é lida,-,,
systemd,src/hefesto_dualsense4unix/integrations/fora_do_servico.py,cmd:systemd-run,_ha_gerenciador argv_da_unidade,oficial,capacidade,converge,o systemd-run muda a opção: o lançamento fora do serviço perde o teto,contrato:systemd-usuario,,
systemd,src/hefesto_dualsense4unix/integrations/fora_do_servico.py,path:/run/user,_ha_gerenciador,oficial,capacidade,converge,o arquivo muda de lugar: a identidade da máquina ou o socket do usuário não é achado,contrato:systemd-usuario,,
systemd,src/hefesto_dualsense4unix/integrations/fora_do_servico.py,path:/sys/fs/cgroup,oom_do_gerenciador contexto_atual <módulo>,oficial,capacidade,converge,o cgroup muda de interface: o teto de memória do que o Hefesto lança não é conferido,contrato:systemd-usuario,,
systemd,src/hefesto_dualsense4unix/interface/pacotes/a09_sistema.py,cmd:journalctl,_diario,oficial,capacidade,converge,o journalctl muda uma opção: o diário do serviço não aparece na tela,contrato:systemd-usuario,,
systemd,src/hefesto_dualsense4unix/interface/pacotes/a09_sistema.py,cmd:systemctl,_autostart,oficial,capacidade,converge,o systemctl muda um verbo: o serviço do Hefesto não liga ou não desliga pelo gesto,contrato:systemd-usuario,,
systemd,src/hefesto_dualsense4unix/interface/sistema_viva.py,cmd:systemctl,_systemctl,oficial,capacidade,converge,o systemctl muda um verbo: o serviço do Hefesto não liga ou não desliga pelo gesto,contrato:systemd-usuario,,
systemd,src/hefesto_dualsense4unix/interface/sistema_viva.py,path:/run/user,_lugares_do_pid,oficial,capacidade,converge,o arquivo muda de lugar: a identidade da máquina ou o socket do usuário não é achado,contrato:systemd-usuario,,
systemd,src/hefesto_dualsense4unix/utils/memoria_dos_controles.py,cmd:systemctl,Sistema._systemctl_do_usuario Bluetooth._systemctl,oficial,capacidade,converge,o systemctl muda um verbo: o serviço do Hefesto não liga ou não desliga pelo gesto,contrato:systemd-usuario,,
systemd,src/hefesto_dualsense4unix/utils/memoria_dos_controles.py,path:/run/user,Raizes.do_ambiente,oficial,capacidade,converge,o arquivo muda de lugar: a identidade da máquina ou o socket do usuário não é achado,contrato:systemd-usuario,,
udev,src/hefesto_dualsense4unix/core/evdev_reader.py,path:/run/udev/data,<módulo>,interna,capacidade,converge,o udev muda o formato do banco em /run/udev/data (o systemd o declara interno): a propriedade lida some sem erro e o nó é tratado como sem marca,-,"o banco do udev não é interface pública; a porta é a libudev (pyudev) ou `udevadm info --query=property`, que leem o mesmo dado pelo dono",O-SISTEMA-NAO-LE-O-TEXTO-DO-DIARIO-01
udev,src/hefesto_dualsense4unix/core/system_check.py,path:/etc/udev/rules.d,<módulo>,oficial,capacidade,converge,o udev muda onde lê as regras ou o banco: a permissão do controle não nasce,contrato:kernel-nos,,
udev,src/hefesto_dualsense4unix/integrations/audio_ks_dualsense.py,path:/run/udev/data,controles_no_cabo controles_no_radio controles_do_registro,interna,capacidade,converge,o udev muda o formato do banco em /run/udev/data (o systemd o declara interno): a propriedade lida some sem erro e o nó é tratado como sem marca,-,"o banco do udev não é interface pública; a porta é a libudev (pyudev) ou `udevadm info --query=property`, que leem o mesmo dado pelo dono",O-SISTEMA-NAO-LE-O-TEXTO-DO-DIARIO-01
udev,src/hefesto_dualsense4unix/integrations/o_cabo_em_espera.py,path:/etc/udev/rules.d,<módulo>,oficial,capacidade,converge,o udev muda onde lê as regras ou o banco: a permissão do controle não nasce,contrato:kernel-nos,,
udev,src/hefesto_dualsense4unix/integrations/o_cabo_em_espera.py,path:/lib/udev/rules.d,<módulo>,oficial,capacidade,converge,o udev muda onde lê as regras ou o banco: a permissão do controle não nasce,contrato:kernel-nos,,
udev,src/hefesto_dualsense4unix/integrations/o_cabo_em_espera.py,path:/usr/lib/udev,<módulo>,oficial,capacidade,converge,o udev muda onde lê as regras ou o banco: a permissão do controle não nasce,contrato:kernel-nos,,
udev,src/hefesto_dualsense4unix/integrations/storm_doctor.py,path:/etc/udev/rules.d,check_authorized_rule,oficial,capacidade,converge,o udev muda onde lê as regras ou o banco: a permissão do controle não nasce,contrato:kernel-nos,,
kernel,src/hefesto_dualsense4unix/broker/hidraw_broker.py,path:/sys/class/udc,<módulo>,oficial,capacidade,converge,"o UDC do usbip-vudc some ou muda de nome: o gadget não se prende e o pad volta ao uhid",-,"O-PAD-VIRTUAL-E-O-SOM-DELE-NASCEM-NO-MESMO-USB-01: o broker escolhe o UDC livre do usbip-vudc para prender o gadget do pad",
kernel,src/hefesto_dualsense4unix/broker/hidraw_broker.py,path:/sys/devices/platform,<módulo>,oficial,capacidade,converge,"o status ou o attach do vhci_hcd.0 muda de forma: o gadget não se liga e o pad volta ao uhid",-,"O-PAD-VIRTUAL-E-O-SOM-DELE-NASCEM-NO-MESMO-USB-01: a porta livre e o attach do vhci_hcd.0 e o usbip_sockfd do vudc",
kernel,src/hefesto_dualsense4unix/broker/hidraw_broker.py,path:/sys/kernel/config,<módulo>,oficial,capacidade,converge,"o configfs do libcomposite muda de forma: o gadget não nasce e o pad volta ao uhid",-,"O-PAD-VIRTUAL-E-O-SOM-DELE-NASCEM-NO-MESMO-USB-01: o gadget só HID nasce e morre no configfs",
kernel,src/hefesto_dualsense4unix/core/system_check.py,path:/sys/module,contrato_do_pad_em_usb,oficial,capacidade,converge,"o módulo some de /sys/module: o doctor diz que falta o contrato do pad em USB",-,"O-PAD-VIRTUAL-E-O-SOM-DELE-NASCEM-NO-MESMO-USB-01: o doctor pergunta pelos módulos libcomposite, usb_f_hid, usbip-vudc e vhci-hcd",
kernel,src/hefesto_dualsense4unix/integrations/hidraw_broker_client.py,path:/proc/self/fd,reabrir_o_no_cedido,oficial,capacidade,converge,"o /proc/self/fd deixa de reabrir um fd O_PATH: o pad não abre o /dev/hidgN cedido e volta ao uhid",-,"O-PAD-VIRTUAL-E-O-SOM-DELE-NASCEM-NO-MESMO-USB-01: o broker cede o hidgN como O_PATH e o daemon o reabre para ler e escrever",
kernel,src/hefesto_dualsense4unix/integrations/pad_usb.py,path:/lib/modules,contrato_que_falta,oficial,capacidade,converge,"o módulo sai da árvore do kernel: o pad nasce uhid e o log diz o contrato que falta",-,"O-PAD-VIRTUAL-E-O-SOM-DELE-NASCEM-NO-MESMO-USB-01: o módulo que pode ser carregado conta como contrato cumprido",
kernel,src/hefesto_dualsense4unix/integrations/pad_usb.py,path:/sys/class/hidraw,aparelho_presente e_hidraw_de_pad_nosso hidraw_do_gadget,oficial,capacidade,converge,o nó ou o atributo some ou muda de nome: o controle deixa de ser achado ou aberto,contrato:kernel-nos,"O-PAD-VIRTUAL-E-O-SOM-DELE-NASCEM-NO-MESMO-USB-01: o hidraw do lado do jogo prova que o gadget enumerou pelo vhci",
kernel,src/hefesto_dualsense4unix/integrations/pad_usb.py,path:/sys/module,contrato_que_falta,oficial,capacidade,converge,"o módulo some de /sys/module: o pad nasce uhid e o log diz o contrato que falta",-,"O-PAD-VIRTUAL-E-O-SOM-DELE-NASCEM-NO-MESMO-USB-01: o módulo carregado conta como contrato cumprido",
kernel,src/hefesto_dualsense4unix/integrations/pad_usb.py,path:/sys/class/input,aparelho_presente,oficial,capacidade,converge,"o uniq do inputN some ou muda de forma: o aparelho que está aqui conta como caído e o gadget dele espera o jogo fechar",contrato:kernel-nos,"O-PAD-VIRTUAL-E-O-SOM-DELE-NASCEM-NO-MESMO-USB-01: o estacionado do aparelho que continua aqui é fantasma e desce com o jogo aberto",
