comportamento,aba,dono,onde_html,veredito,economia_linhas,razao
perfil.valendo.no_gravar,10,app/actions/profiles_actions.py:perfil_que_esta_valendo,interface/pacotes/perfil.py:gravar_e_reaplicar,CURADO,,Lia `active_profile` cru; com o daemon respondendo null o `profile.switch` nunca saía. Curado em 05/09/2026 — régua test_o_salvar_reaplica_no_controle.py
transporte.palavra_curta,01,app/actions/home_actions.py:palavra_do_transporte,interface/mesa_viva.py:_via_do_transporte,CURADO,,"O `else` pegava a ausência e a tela dizia BT sobre campo vazio. Curado em 05/09/2026 — régua test_a_tela_nao_inventa_o_transporte.py. || O DONO MUDOU EM 06/09/2026, e esta linha o seguiu em 06/09 (A-CURA-DOS-DOIS-PORTOES-01). A costura da ONDA B levou a palavra curta para a dona da frase, `home_actions.palavra_do_transporte` (a decisão D-05 dela: *""cabo / rádio, pela função que já existe""*), e o `pacotes.VIA_DO_TRANSPORTE` deixou de ser o dono desta tela. A linha continuava apontando para ele e o portão dava VERDE — porque o nome velho sobrevive num COMENTÁRIO de `mesa_viva.py:274` que conta a história. Era a ponte caída que a regra 2 existe para pegar, e ela passou por cima. A régua passou a ler o código com `ast`, não o texto."
daemon.de_pe,09,app/actions/daemon_actions.py:DaemonActionsMixin,interface/sistema.py:_de_pe_do_dono,CURADO,,Faltava `iniciando`: a tela dizia Ligando e o botão dizia Ativar. Curado em 05/09/2026 — régua test_a_matriz_do_daemon_e_uma_so.py
aviso.jogo_sem_wrapper,"01,07,09",app/actions/home_actions.py:aviso_do_wrapper,app/actions/jogar/painel.py:Aviso,CURADO,,A dispensa calava só a aba 07 e três telas seguiam acusando. Curado em 05/09/2026 — régua test_a_dispensa_cala_as_quatro_telas.py
brilho.aplicar_ao_soltar,04,interface/pacotes/a04_iluminacao.py:_escrever_a_cor,interface/pacotes/a04_iluminacao.py:brilho,CURADO,,Recusava escrever quando o motor não afirma a cor. Decisão dela 04-Q4. Curado em 05/09/2026 — régua invertida em test_a_04_o_trilho_de_brilho_grava.py
mic.dica_do_interruptor,08,app/actions/config/secao_controles.py:dica_do_microfone,interface/pacotes/a08_conexoes.py:caminho_do_microfone,DIVERGE-AFIRMA-DEMAIS,,Sobre um controle sem canal de captura o GTK recusa dizendo e o HTML afirma por onde o microfone chega — e aceita o clique.
bateria.texto,01,app/actions/status_actions.py:_bateria_da_mesa,interface/pacotes/a01_jogar.py:pacote,DIVERGE,,"A aba 01 escreve `87%` e a aba 02 escreve `87 %`, três centímetros abaixo. A aba 02 está certa (paridade com a janela)."
pendente.memoria_e_faixa,01,app/actions/home_actions.py:reconciliar_pendente,interface/pacotes/a01_jogar.py:_faixa_do_pendente,DUPLICATA,51,"A REGRA já é chamada; o que se duplica é o armazém — e ele mudou de escopo, de estado de janela para estado de MÓDULO."
mascara.divergencia,01,app/actions/home_actions.py:mascara_divergente_do_daemon,interface/pacotes/a01_jogar.py:_aviso_da_divergencia_de_mascara,CURADO,,Avisa quando a máscara do daemon diverge da escolhida. || CURADO em 06/09/2026 pela JOGAR-OS-SEIS-AVISOS-01: A tela nova pergunta a `home_actions.mascara_divergente_do_daemon` — o alarme tem UM dono e ela não o reescreve.
grab.aviso,01,app/actions/home_actions.py:aviso_de_grab,app/actions/jogar/painel.py:aviso_do_grab_dobrado,CURADO,,"'O jogo pode receber cada botão duas vezes' — com o porquê no hover. || CURADO em 06/09/2026 pela JOGAR-OS-SEIS-AVISOS-01: A tela nova chama `home_actions.aviso_de_grab`; a CONDIÇÃO não foi reescrita, e o par (linha, porquê) vira rótulo + hover."
externos.na_mesa,01,app/actions/home_actions.py:externos_na_mesa,interface/hefesto_vivo.py:_talvez_ler_os_externos,CURADO,,"Os cartões de controle externo e a contagem que os inclui. || CURADO em 06/09/2026 pela EXTERNOS-01: o piloto passou a pedir `controller.list {external: true}` no tique lento (`_talvez_ler_os_externos`, com o teto de 4 s da própria janela antiga) e a mastigar a resposta pelo DONO — `externos_na_mesa` —, que é o que tira esta linha do SO-GTK. A lista viaja em campo PRÓPRIO do `pacotes.Contexto` (`externos`), nunca dentro de `conectados`: um externo não tem assento, e somá-lo ali faria o cabeçalho contar jogador que não existe. As duas abas o desenham (`a01_jogar._html_dos_externos`, `a08_conexoes._html_dos_externos`), e as TRÊS frases continuam vindo do dono na janela antiga. Régua: tests/unit/test_a_interface_ve_os_controles_que_o_hefesto_so_ve.py"
reconciliar.recado,01,app/actions/jogar/painel.py:_na_lingua_da_tela,app/actions/jogar/painel.py:recibo_do_reconectar,CURADO,,"A tela nova ignorava os dois retornos do Reconciliar. || CURADO em 06/09/2026 pela JOGAR-OS-SEIS-AVISOS-01. || DONO TROCADO em 09/09/2026 pela JOGAR-02: a frase deixou de vir de `home_actions.reconciliar_toast` por DUAS razões somadas — aquela é a frase da JANELA GTK, que sai inteira (D-0609-GTK-LEVA-INTEIRA), e ela fala a língua de dentro (`reconciliados`, `numeração compactada` = CoopManager.sync e identity.compact escritos na tela dela). Pedido dela com um print: «remover essa frase que aparece tambem ao clciar em reconectar controles» (noqa-acento: citação literal dela, palavra por palavra). O dono agora é `painel._na_lingua_da_tela`, que nomeia o ASSENTO (P1, P2), e `painel._sem_noticia` cala quando não houve o que contar. || O SUCESSO CALOU em 24/09/2026 pela A-FRASE-DO-RECONECTAR-SAI-01, decisão dela (D-2409-O-RECONECTAR-NAO-DIZ-NADA): «Nada: o número novo aparece no próprio cartão». `_na_lingua_da_tela` deixou de nomear o assento e fala só das duas falhas do passo 2; `_sem_noticia` cala todo `ok`, com o `renumbered` cheio ou vazio; a frase que nomeava os assentos está em `FRASES_BANIDAS`."
audio.selos_de_saida,02,interface/cartao_do_controle.py:saida_muda_do_entry,interface/pacotes/a02_controles.py:_confirmar_com_som,CURADO,,"Sem som e saída muda (o `Canal dormindo` saiu da GTK e da tela em 23/09/2026, O-ALTO-FALANTE-DIZ-ATIVO-01). Era SO-GTK: só o card da janela lia o dono. Em 06/09/2026 o som de confirmação do alto-falante nasceu na aba 02 e PERGUNTA ao mesmo dono antes de tocar — com a saída do sistema muda, tocar gastaria um processo para produzir silêncio, e ela leria o silêncio como defeito do controle. A-CONFISSAO-NO-BOTAO-01, régua test_a02_o_botao_confessa_o_alvo_e_o_som_confirma.py"
migrar_para_systemd,09,app/actions/daemon_actions.py:MIGRAR_DEU_CERTO,interface/pacotes/a09_sistema.py:corrigir_modo,CURADO,,"O botão que só aparece em `online_avulso` — justamente o estado que a tela nova chama de 'Ligado, em modo improvisado'. || CURADO em 06/09/2026 pela SISTEMA-OS-QUATRO-QUE-FALTAM-01: o gesto `corrigir-modo` nasceu na aba 09 e faz os três tempos na ordem da janela antiga — ler o pid por `_matriz()._read_daemon_pid()`, esperar o avulso sair (`_o_avulso_saiu`, que consulta o `is_alive` do produto) e subir a unit por `ativar_o_servico`. || O DONO AQUI NÃO É `on_daemon_migrate_to_systemd`, e a razão é medida: aquele símbolo é o INVÓLUCRO GTK do ato — recebe `Gtk.Button`, roda num executor e responde por `GLib.idle_add` —, e não há como a tela nova o chamar. O que viajou foi o ato; o que a ponte carrega, e o que alguém REDIGITARIA ao recriar isto, são as duas frases de recibo (`MIGRAR_DEU_CERTO` e `MIGRAR_NAO_DEU`), que saíram de dentro do `_on_migrate_done` no mesmo commit justamente para não haver duas. É por elas que o portão cobra. || ESTA LINHA ERA A ÚNICA `SO-GTK` VERMELHA, e o vermelho vinha do texto: a régua lia `on_daemon_migrate_to_systemd` nos dois docstrings de `a09_sistema.py` que contam de onde o gesto veio, e contava PROSA como chamada. O veredito estava velho de verdade; a razão da acusação, não. Ver `paridade-gtk-html.csv:315`, a mesma feature do outro lado."
eixo.transporte/backend,,core/backend_pydualsense.py:_hidraw_uevent,,EIXO,,"O backend é quem fala com o aparelho, e cabo e rádio falam diferente: o ramo por transporte do I/O mora aqui. Dono declarado em 03/10/2026 pela A-CATRACA-DA-ORIGEM-01, pelo padrão dela, a validar por ela."
eixo.transporte/conexao,,daemon/connection.py:transportes_dos_alvos_de,,EIXO,,"Quem sabe por qual transporte cada controle entrou é a conexão; os demais perguntam a ela. Dono declarado em 03/10/2026 pela A-CATRACA-DA-ORIGEM-01, pelo padrão dela, a validar por ela."
eixo.transporte/mesa,,integrations/arranjo_da_mesa.py:Mesa,,EIXO,,"A mesa descreve cada aparelho com o transporte dele; o arranjo é o leitor único. Dono declarado em 03/10/2026 pela A-CATRACA-DA-ORIGEM-01, pelo padrão dela, a validar por ela."
eixo.transporte/radio,,integrations/plano_de_radio.py:plano_por_adaptador,,EIXO,,"O plano do rádio separa o que viaja por Bluetooth do que viaja por cabo. Dono declarado em 03/10/2026 pela A-CATRACA-DA-ORIGEM-01, pelo padrão dela, a validar por ela."
eixo.transporte/ocupacao,,integrations/radio_da_mesa.py:Ocupacao,,EIXO,,"A ocupação do rádio só existe para o que está no rádio. Dono declarado em 03/10/2026 pela A-CATRACA-DA-ORIGEM-01, pelo padrão dela, a validar por ela."
eixo.transporte/tela,,interface/mesa_viva.py:_via_do_transporte,,EIXO,,"A tela nova traduz o transporte para a palavra curta num ponto só. Dono declarado em 03/10/2026 pela A-CATRACA-DA-ORIGEM-01, pelo padrão dela, a validar por ela."
eixo.modo/daemon,,daemon/lifecycle.py:ModoJogoPadrao,,EIXO,,"O modo (Nativa, Xbox, Steam Input, desligado) se decide no ciclo de vida do daemon. Dono declarado em 03/10/2026 pela A-CATRACA-DA-ORIGEM-01, pelo padrão dela, a validar por ela."
eixo.mascara/pad_virtual,,integrations/virtual_pad.py:mascara_no_jogo,,EIXO,,"A máscara que o jogo enxerga é resolvida no pad virtual. Dono declarado em 03/10/2026 pela A-CATRACA-DA-ORIGEM-01, pelo padrão dela, a validar por ela."
eixo.mascara/uinput,,integrations/uinput_gamepad.py:UinputGamepad,,EIXO,,"O gamepad virtual veste a máscara no nó que cria. Dono declarado em 03/10/2026 pela A-CATRACA-DA-ORIGEM-01, pelo padrão dela, a validar por ela."
eixo.jogador/mesa,,integrations/arranjo_da_mesa.py:Mesa,,EIXO,,"O número do jogador nasce na mesa, pela ordem em que o aparelho entrou. Dono declarado em 03/10/2026 pela A-CATRACA-DA-ORIGEM-01, pelo padrão dela, a validar por ela."
eixo.modelo/mesa,,integrations/arranjo_da_mesa.py:Aparelho,,EIXO,,"O modelo (VID/PID) é um campo do aparelho na mesa; quem decide por ele pergunta ao aparelho. Dono declarado em 03/10/2026 pela A-CATRACA-DA-ORIGEM-01, pelo padrão dela, a validar por ela."
